CustomerID,Age,Gender,State,ServiceType,MonthlyCharges,TenureMonths,InternetUsageGB,CallDropsPerMonth,ComplaintsLast6Months,IsActive,PaymentMethod,Churn
CUST1000,56,Male,Karnataka,Postpaid,723.34,59,57.97,9,6,Yes,Cash,No
CUST1001,46,Female,West Bengal,Postpaid,1204.32,3,36.24,10,4,Yes,Net Banking,Yes
CUST1002,32,Female,Karnataka,Postpaid,995.45,15,82.44,16,1,No,Cash,Yes
CUST1003,60,Female,Karnataka,Postpaid,1047.0,29,82.16,6,5,Yes,Debit Card,No
CUST1004,25,Male,Uttar Pradesh,Prepaid,284.37,53,48.0,11,5,Yes,Debit Card,Yes
CUST1005,38,Male,Karnataka,Prepaid,427.86,43,35.41,6,9,Yes,UPI,No
CUST1006,56,Male,Tamil Nadu,Prepaid,1201.45,32,36.57,11,9,Yes,Debit Card,No
CUST1007,36,Male,Gujarat,Postpaid,1459.07,26,80.67,14,5,No,Credit Card,No
CUST1008,40,Male,Maharashtra,Prepaid,467.75,16,33.15,1,8,Yes,Debit Card,Yes
CUST1009,28,Male,Delhi,Postpaid,480.2,25,21.3,13,7,No,UPI,No
CUST1010,28,Male,Tamil Nadu,Postpaid,762.06,54,8.93,12,7,Yes,UPI,No
CUST1011,41,Male,Maharashtra,Prepaid,1477.38,28,46.94,3,0,Yes,Credit Card,No
CUST1012,53,Female,West Bengal,Postpaid,476.54,9,48.47,13,4,No,UPI,No
CUST1013,57,Female,West Bengal,Prepaid,669.76,56,84.17,13,6,Yes,Net Banking,Yes
CUST1014,41,Male,West Bengal,Prepaid,1348.07,56,22.51,15,5,No,Cash,Yes
CUST1015,20,Male,Tamil Nadu,Prepaid,104.09,1,38.41,6,4,Yes,Debit Card,Yes
CUST1016,39,Female,Tamil Nadu,Postpaid,155.67,29,80.94,18,7,Yes,Net Banking,No
CUST1017,19,Male,Delhi,Prepaid,945.7,57,82.45,1,2,Yes,Debit Card,No
CUST1018,41,Male,Gujarat,Postpaid,1370.33,22,38.77,9,5,Yes,Net Banking,Yes
CUST1019,61,Male,Karnataka,Prepaid,434.4,16,46.18,17,4,Yes,Debit Card,No
CUST1020,47,Female,West Bengal,Prepaid,757.5,41,30.68,16,7,No,Credit Card,No
CUST1021,55,Female,Uttar Pradesh,Prepaid,730.65,51,93.29,4,3,Yes,UPI,No
CUST1022,19,Female,Gujarat,Postpaid,762.16,44,12.31,11,7,Yes,UPI,No
CUST1023,38,Female,Uttar Pradesh,Postpaid,971.53,51,93.41,5,9,Yes,Credit Card,No
CUST1024,50,Female,Delhi,Postpaid,757.64,54,68.54,8,1,Yes,Net Banking,No
CUST1025,29,Male,Delhi,Prepaid,726.46,41,53.39,19,8,Yes,Cash,No
CUST1026,39,Female,Delhi,Prepaid,764.0,7,3.75,0,8,No,Net Banking,Yes
CUST1027,61,Male,Maharashtra,Postpaid,927.21,14,47.82,14,9,No,UPI,Yes
CUST1028,42,Male,Uttar Pradesh,Postpaid,851.81,29,41.07,5,9,No,Cash,No
CUST1029,44,Female,Gujarat,Postpaid,1295.79,19,16.54,18,5,No,Debit Card,Yes
CUST1030,59,Female,Gujarat,Postpaid,169.3,19,65.81,17,3,Yes,Cash,No
CUST1031,45,Male,Tamil Nadu,Postpaid,1266.64,2,97.13,5,3,No,Net Banking,No
CUST1032,33,Male,Tamil Nadu,Postpaid,1281.49,41,56.44,12,5,Yes,Credit Card,No
CUST1033,32,Male,West Bengal,Prepaid,498.87,45,71.62,0,4,Yes,Debit Card,No
CUST1034,64,Female,Tamil Nadu,Postpaid,747.99,15,7.31,12,5,Yes,Net Banking,No
CUST1035,61,Female,Delhi,Prepaid,713.95,3,42.06,6,6,Yes,Debit Card,No
CUST1036,20,Female,Gujarat,Prepaid,405.91,11,12.08,14,6,No,Cash,No
CUST1037,54,Female,Uttar Pradesh,Postpaid,655.52,53,61.47,11,8,Yes,UPI,Yes
CUST1038,24,Female,Delhi,Postpaid,162.14,46,93.88,0,7,No,Net Banking,No
CUST1039,38,Male,Maharashtra,Prepaid,488.95,30,66.35,14,5,Yes,Credit Card,Yes
CUST1040,26,Female,Tamil Nadu,Postpaid,1243.36,57,8.14,3,5,Yes,Cash,No
CUST1041,56,Male,Delhi,Postpaid,498.39,40,35.79,12,4,No,Net Banking,No
CUST1042,35,Male,Delhi,Prepaid,1245.49,18,55.29,4,0,Yes,Credit Card,No
CUST1043,21,Male,Maharashtra,Prepaid,844.24,51,40.62,1,8,Yes,Net Banking,No
CUST1044,42,Female,Karnataka,Prepaid,1331.81,48,83.45,0,8,Yes,Cash,No
CUST1045,31,Female,Gujarat,Postpaid,904.69,2,81.56,15,8,Yes,Net Banking,No
CUST1046,26,Female,Uttar Pradesh,Prepaid,141.54,32,61.38,5,7,Yes,Debit Card,No
CUST1047,43,Male,West Bengal,Postpaid,1045.59,8,37.66,15,9,Yes,Cash,No
CUST1048,19,Male,Karnataka,Prepaid,162.79,22,25.91,13,2,No,Net Banking,No
CUST1049,37,Male,Tamil Nadu,Prepaid,730.84,6,11.03,2,0,No,UPI,No
CUST1050,45,Male,Delhi,Prepaid,1401.2,12,35.81,14,7,No,Net Banking,No
CUST1051,64,Male,Maharashtra,Postpaid,331.29,47,41.61,2,6,No,Debit Card,No
CUST1052,24,Male,Maharashtra,Postpaid,645.82,57,67.74,1,4,Yes,Credit Card,Yes
CUST1053,61,Female,Gujarat,Prepaid,1121.8,40,65.99,0,9,Yes,Credit Card,No
CUST1054,25,Female,Karnataka,Prepaid,1335.16,36,7.48,8,6,Yes,Credit Card,No
CUST1055,64,Female,West Bengal,Prepaid,1039.32,15,39.83,8,9,Yes,UPI,No
CUST1056,52,Female,Gujarat,Postpaid,461.44,28,18.59,6,3,No,Debit Card,No
CUST1057,31,Male,Delhi,Prepaid,1044.45,52,16.1,2,8,Yes,Cash,No
CUST1058,34,Male,Gujarat,Postpaid,515.42,57,82.82,17,9,Yes,Credit Card,Yes
CUST1059,53,Female,Uttar Pradesh,Prepaid,1105.8,49,4.67,10,1,Yes,Debit Card,No
CUST1060,57,Male,Maharashtra,Prepaid,1435.65,45,42.21,6,8,Yes,Net Banking,No
CUST1061,21,Female,Maharashtra,Prepaid,1109.95,18,17.24,8,8,Yes,UPI,Yes
CUST1062,19,Female,Tamil Nadu,Prepaid,1308.03,2,87.99,0,4,Yes,Debit Card,No
CUST1063,23,Female,Tamil Nadu,Prepaid,102.95,13,55.93,13,0,Yes,Debit Card,No
CUST1064,59,Male,West Bengal,Prepaid,1104.6,45,23.52,19,6,Yes,Cash,No
CUST1065,21,Female,Delhi,Postpaid,1261.42,54,50.49,5,9,Yes,Debit Card,No
CUST1066,46,Female,Uttar Pradesh,Prepaid,156.78,15,73.28,6,9,Yes,Cash,Yes
CUST1067,35,Female,Karnataka,Postpaid,1320.24,20,95.83,9,3,No,UPI,No
CUST1068,43,Male,Gujarat,Prepaid,459.37,29,22.43,6,8,Yes,UPI,No
CUST1069,61,Male,West Bengal,Prepaid,1031.41,59,88.68,1,5,Yes,Net Banking,No
CUST1070,51,Female,Delhi,Postpaid,1220.5,42,93.46,3,2,No,Cash,Yes
CUST1071,27,Male,Tamil Nadu,Prepaid,1027.73,29,91.68,16,5,Yes,Cash,No
CUST1072,53,Male,Gujarat,Postpaid,229.2,3,63.72,0,9,No,Credit Card,No
CUST1073,31,Male,Tamil Nadu,Postpaid,934.85,19,63.17,9,5,No,Credit Card,No
CUST1074,48,Male,Gujarat,Prepaid,869.42,3,40.62,18,4,Yes,Net Banking,Yes
CUST1075,32,Male,Karnataka,Postpaid,1360.45,54,75.36,14,1,No,UPI,Yes
CUST1076,25,Male,Delhi,Postpaid,665.94,14,53.36,9,9,No,Credit Card,Yes
CUST1077,31,Male,Gujarat,Prepaid,549.51,40,67.91,18,9,Yes,Debit Card,No
CUST1078,40,Male,Uttar Pradesh,Postpaid,1149.79,59,43.13,11,1,Yes,UPI,No
CUST1079,57,Male,West Bengal,Prepaid,677.75,55,73.28,15,6,No,Debit Card,No
CUST1080,38,Male,Maharashtra,Prepaid,1004.53,4,82.53,8,1,No,Cash,No
CUST1081,33,Female,Uttar Pradesh,Prepaid,1005.03,59,15.07,14,5,Yes,UPI,No
CUST1082,62,Female,Uttar Pradesh,Prepaid,1343.25,52,83.38,16,4,Yes,Net Banking,No
CUST1083,35,Male,West Bengal,Postpaid,938.17,11,54.26,13,3,No,Cash,No
CUST1084,64,Female,Maharashtra,Prepaid,803.02,58,84.54,17,6,Yes,Cash,Yes
CUST1085,41,Female,Uttar Pradesh,Prepaid,294.42,31,43.41,1,7,Yes,Debit Card,No
CUST1086,43,Male,Gujarat,Postpaid,262.03,43,38.21,3,3,No,Cash,No
CUST1087,42,Male,Gujarat,Prepaid,316.05,32,91.55,17,0,Yes,Credit Card,No
CUST1088,62,Male,Gujarat,Prepaid,340.59,27,25.49,6,0,Yes,UPI,No
CUST1089,58,Female,Maharashtra,Postpaid,993.03,30,84.5,12,0,No,Credit Card,No
CUST1090,46,Female,Uttar Pradesh,Postpaid,1137.37,43,48.66,14,0,No,Debit Card,No
CUST1091,32,Male,Maharashtra,Postpaid,841.99,2,51.65,0,4,Yes,Debit Card,No
CUST1092,62,Male,Gujarat,Postpaid,1260.62,49,31.19,10,3,Yes,UPI,Yes
CUST1093,18,Male,West Bengal,Postpaid,1487.77,9,57.52,9,8,Yes,Cash,Yes
CUST1094,42,Female,Uttar Pradesh,Postpaid,1248.02,28,32.86,4,2,No,Net Banking,Yes
CUST1095,24,Female,Uttar Pradesh,Postpaid,1072.84,31,4.41,15,6,Yes,Debit Card,No
CUST1096,26,Female,Tamil Nadu,Prepaid,845.49,34,27.56,10,7,Yes,UPI,No
CUST1097,41,Female,Tamil Nadu,Postpaid,728.39,56,1.13,5,5,Yes,Net Banking,No
CUST1098,18,Male,Karnataka,Postpaid,218.15,15,97.85,8,9,No,Cash,No
CUST1099,61,Male,Delhi,Postpaid,659.12,48,96.59,12,0,Yes,Debit Card,No
CUST1100,25,Male,Tamil Nadu,Prepaid,1374.19,25,39.82,7,7,Yes,UPI,Yes
CUST1101,41,Male,Maharashtra,Prepaid,1231.23,36,72.97,13,9,Yes,UPI,No
CUST1102,28,Female,Tamil Nadu,Postpaid,402.47,8,34.91,0,2,No,UPI,No
CUST1103,34,Female,Karnataka,Postpaid,753.25,9,67.27,16,7,Yes,Debit Card,No
CUST1104,25,Male,Uttar Pradesh,Postpaid,1243.41,58,80.64,4,3,Yes,Net Banking,No
CUST1105,52,Male,Karnataka,Prepaid,194.34,58,94.7,1,7,Yes,UPI,No
CUST1106,52,Female,Uttar Pradesh,Prepaid,642.35,37,40.32,8,0,No,Cash,Yes
CUST1107,50,Male,West Bengal,Postpaid,1292.58,48,78.44,3,2,Yes,UPI,No
CUST1108,22,Female,West Bengal,Prepaid,665.46,45,26.96,16,5,Yes,Net Banking,No
CUST1109,59,Male,Uttar Pradesh,Postpaid,208.66,39,99.04,16,8,Yes,Debit Card,Yes
CUST1110,56,Male,Delhi,Prepaid,859.55,32,3.06,17,1,No,UPI,No
CUST1111,58,Male,Tamil Nadu,Prepaid,1306.44,58,60.55,15,0,Yes,UPI,No
CUST1112,45,Male,Maharashtra,Postpaid,926.4,52,66.12,7,9,No,Cash,Yes
CUST1113,24,Male,Maharashtra,Postpaid,416.79,17,68.96,10,2,No,Cash,Yes
CUST1114,26,Male,Gujarat,Postpaid,637.94,35,12.48,17,3,Yes,UPI,Yes
CUST1115,25,Male,Uttar Pradesh,Postpaid,730.17,37,93.88,9,4,Yes,UPI,No
CUST1116,29,Female,Maharashtra,Prepaid,910.97,19,18.53,12,2,Yes,Cash,Yes
CUST1117,51,Female,Delhi,Prepaid,1163.09,44,62.46,16,9,Yes,Net Banking,No
CUST1118,50,Female,Uttar Pradesh,Prepaid,238.42,29,22.66,17,1,Yes,Credit Card,Yes
CUST1119,40,Female,Delhi,Postpaid,1345.51,59,31.07,9,1,Yes,Credit Card,No
CUST1120,41,Female,Maharashtra,Prepaid,117.23,7,54.87,15,6,No,UPI,No
CUST1121,54,Male,Maharashtra,Postpaid,618.07,28,42.01,19,8,Yes,Cash,No
CUST1122,52,Male,Gujarat,Prepaid,138.39,9,16.44,4,9,No,Debit Card,Yes
CUST1123,61,Female,Maharashtra,Postpaid,650.16,28,17.51,12,1,Yes,Debit Card,No
CUST1124,57,Male,Uttar Pradesh,Postpaid,836.14,6,42.11,17,6,Yes,Credit Card,No
CUST1125,39,Female,West Bengal,Prepaid,816.35,29,75.85,16,6,No,Net Banking,No
CUST1126,44,Female,Uttar Pradesh,Postpaid,331.88,58,89.85,8,6,Yes,Credit Card,No
CUST1127,52,Male,Uttar Pradesh,Postpaid,1004.04,17,8.87,13,2,No,UPI,No
CUST1128,18,Male,Gujarat,Prepaid,162.69,16,39.61,16,6,Yes,Net Banking,No
CUST1129,52,Male,Gujarat,Postpaid,1166.67,23,10.47,3,0,Yes,Debit Card,Yes
CUST1130,54,Female,Maharashtra,Postpaid,1425.3,31,2.15,17,9,No,Cash,No
CUST1131,64,Male,Karnataka,Postpaid,575.68,3,66.34,19,0,Yes,Cash,No
CUST1132,31,Female,Karnataka,Prepaid,824.14,21,60.44,14,4,Yes,UPI,No
CUST1133,20,Female,Gujarat,Prepaid,630.47,26,16.72,10,1,No,Credit Card,No
CUST1134,18,Female,Maharashtra,Postpaid,109.39,36,23.76,11,8,Yes,UPI,No
CUST1135,22,Male,Karnataka,Prepaid,640.22,42,2.86,8,6,No,Cash,No
CUST1136,43,Male,Maharashtra,Postpaid,1208.41,37,83.58,12,3,No,Debit Card,Yes
CUST1137,31,Female,Maharashtra,Postpaid,934.38,53,97.48,14,3,No,Cash,No
CUST1138,56,Male,Maharashtra,Postpaid,241.76,22,13.98,14,1,Yes,Net Banking,No
CUST1139,44,Male,Tamil Nadu,Postpaid,1286.0,42,23.53,4,4,Yes,Cash,No
CUST1140,26,Male,Uttar Pradesh,Postpaid,843.52,12,86.91,18,3,No,Cash,Yes
CUST1141,32,Female,Maharashtra,Prepaid,1278.41,42,92.68,19,0,Yes,Net Banking,No
CUST1142,32,Female,Tamil Nadu,Postpaid,912.31,13,42.25,13,7,Yes,Credit Card,No
CUST1143,43,Male,Gujarat,Prepaid,883.56,11,5.54,16,2,Yes,Cash,No
CUST1144,59,Female,Karnataka,Prepaid,247.36,54,4.42,17,5,Yes,UPI,No
CUST1145,30,Male,Uttar Pradesh,Postpaid,334.3,16,57.61,2,3,No,Cash,No
CUST1146,49,Male,West Bengal,Postpaid,1460.84,8,39.59,1,8,No,UPI,No
CUST1147,56,Male,Karnataka,Prepaid,419.88,40,3.35,0,6,Yes,Net Banking,No
CUST1148,49,Male,Uttar Pradesh,Prepaid,1468.43,59,58.53,9,8,Yes,Cash,No
CUST1149,21,Female,West Bengal,Prepaid,844.68,57,1.62,18,9,No,Net Banking,No
CUST1150,47,Female,Karnataka,Postpaid,290.1,40,78.84,16,2,Yes,Net Banking,No
CUST1151,54,Female,Uttar Pradesh,Prepaid,239.02,45,30.99,11,0,No,Credit Card,No
CUST1152,40,Male,Karnataka,Postpaid,392.41,59,4.51,0,4,Yes,Cash,No
CUST1153,56,Male,Karnataka,Postpaid,1395.89,2,59.04,11,2,Yes,UPI,Yes
CUST1154,62,Male,West Bengal,Postpaid,679.81,30,40.07,16,5,Yes,UPI,Yes
CUST1155,32,Female,Karnataka,Prepaid,653.61,30,97.39,2,7,No,Cash,Yes
CUST1156,60,Male,Karnataka,Postpaid,538.49,12,54.65,10,3,Yes,Credit Card,Yes
CUST1157,46,Female,West Bengal,Postpaid,305.89,10,27.89,16,4,Yes,Credit Card,Yes
CUST1158,53,Female,Gujarat,Postpaid,782.99,44,71.09,2,4,Yes,Credit Card,No
CUST1159,30,Female,Maharashtra,Postpaid,282.07,11,27.51,7,3,No,UPI,No
CUST1160,49,Female,Delhi,Postpaid,1269.67,15,90.47,19,3,No,Net Banking,No
CUST1161,24,Female,Tamil Nadu,Prepaid,618.56,16,37.78,3,3,Yes,Credit Card,No
CUST1162,39,Female,Delhi,Postpaid,624.72,17,55.21,6,3,Yes,UPI,No
CUST1163,45,Male,Delhi,Postpaid,763.61,26,5.53,13,3,Yes,UPI,No
CUST1164,19,Male,Uttar Pradesh,Prepaid,721.78,2,42.9,13,4,Yes,Net Banking,No
CUST1165,59,Female,Maharashtra,Postpaid,1492.8,50,83.32,3,1,Yes,Cash,No
CUST1166,62,Female,Uttar Pradesh,Prepaid,863.53,12,80.66,15,1,Yes,Cash,Yes
CUST1167,23,Male,Maharashtra,Postpaid,223.48,51,22.82,0,8,Yes,Credit Card,Yes
CUST1168,45,Female,West Bengal,Prepaid,949.63,26,22.99,16,1,Yes,Credit Card,No
CUST1169,45,Female,West Bengal,Prepaid,312.22,23,81.82,9,5,Yes,Net Banking,Yes
CUST1170,61,Male,Maharashtra,Postpaid,143.31,18,93.07,15,1,No,Credit Card,No
CUST1171,61,Female,Karnataka,Postpaid,1459.04,32,9.99,15,4,Yes,Net Banking,No
CUST1172,37,Female,Gujarat,Postpaid,1182.95,49,45.28,7,3,Yes,UPI,No
CUST1173,47,Female,Karnataka,Prepaid,1472.15,38,34.08,6,6,Yes,Credit Card,Yes
CUST1174,28,Male,Gujarat,Prepaid,769.03,57,87.13,5,6,Yes,UPI,No
CUST1175,45,Male,Uttar Pradesh,Prepaid,845.16,47,8.81,15,5,Yes,Debit Card,No
CUST1176,42,Male,Gujarat,Postpaid,335.67,3,21.51,19,9,No,Net Banking,No
CUST1177,56,Female,Uttar Pradesh,Prepaid,445.67,38,75.37,15,4,Yes,Debit Card,Yes
CUST1178,50,Female,West Bengal,Prepaid,1273.97,3,5.6,6,0,Yes,Credit Card,Yes
CUST1179,18,Male,Delhi,Postpaid,598.66,30,49.51,8,2,Yes,UPI,Yes
CUST1180,44,Female,West Bengal,Prepaid,1257.54,1,44.49,13,8,No,Credit Card,Yes
CUST1181,30,Female,West Bengal,Prepaid,1092.62,30,33.77,10,0,Yes,Debit Card,No
CUST1182,58,Female,Delhi,Postpaid,348.04,45,39.76,13,4,Yes,Credit Card,Yes
CUST1183,20,Female,Gujarat,Prepaid,810.42,32,53.23,6,1,Yes,Cash,No
CUST1184,56,Female,Gujarat,Postpaid,1048.34,28,16.56,0,3,Yes,Debit Card,No
CUST1185,23,Male,Uttar Pradesh,Postpaid,429.05,21,57.41,12,0,No,Credit Card,Yes
CUST1186,25,Female,Karnataka,Postpaid,1262.96,58,80.64,19,2,No,UPI,No
CUST1187,44,Male,Uttar Pradesh,Postpaid,862.76,46,76.14,2,9,Yes,Credit Card,No
CUST1188,26,Female,Karnataka,Postpaid,331.34,13,15.81,19,6,Yes,UPI,No
CUST1189,54,Male,West Bengal,Prepaid,916.18,27,15.35,3,9,No,Cash,No
CUST1190,50,Female,Delhi,Prepaid,1499.6,36,27.18,10,2,Yes,Credit Card,No
CUST1191,59,Male,West Bengal,Postpaid,310.73,7,36.43,1,3,Yes,Cash,No
CUST1192,61,Female,Maharashtra,Postpaid,1243.46,22,41.14,13,1,No,Debit Card,No
CUST1193,41,Male,Gujarat,Prepaid,390.23,10,68.13,11,2,No,UPI,No
CUST1194,32,Female,Karnataka,Postpaid,1195.34,39,6.14,16,8,Yes,Debit Card,No
CUST1195,49,Male,Uttar Pradesh,Postpaid,1128.41,53,3.95,11,2,Yes,UPI,No
CUST1196,49,Female,Delhi,Postpaid,520.69,15,39.5,11,4,Yes,Cash,No
CUST1197,41,Male,Karnataka,Prepaid,556.15,15,69.87,0,1,No,Net Banking,No
CUST1198,58,Male,Uttar Pradesh,Prepaid,1209.53,4,19.75,12,3,Yes,Credit Card,No
CUST1199,29,Female,Gujarat,Postpaid,746.02,32,64.33,13,6,Yes,Cash,Yes
CUST1200,56,Female,West Bengal,Postpaid,1123.15,23,26.35,1,6,Yes,UPI,No
CUST1201,19,Male,Gujarat,Prepaid,307.18,55,88.67,11,2,Yes,UPI,No
CUST1202,20,Female,Tamil Nadu,Prepaid,1293.58,6,89.62,15,4,Yes,UPI,No
CUST1203,54,Male,Maharashtra,Postpaid,1095.24,24,30.08,3,0,Yes,UPI,No
CUST1204,34,Male,Tamil Nadu,Postpaid,1369.72,20,23.38,7,9,Yes,Credit Card,No
CUST1205,19,Male,Delhi,Prepaid,285.32,58,41.42,1,9,Yes,Debit Card,No
CUST1206,19,Female,Karnataka,Prepaid,930.22,37,24.43,9,9,No,Net Banking,Yes
CUST1207,45,Male,Delhi,Prepaid,938.77,20,67.4,8,0,Yes,Credit Card,No
CUST1208,40,Male,West Bengal,Postpaid,594.85,12,82.69,14,4,No,UPI,No
CUST1209,54,Female,Uttar Pradesh,Prepaid,741.85,33,67.47,12,9,No,Credit Card,No
CUST1210,49,Female,Gujarat,Postpaid,153.17,28,82.52,16,8,Yes,Cash,No
CUST1211,50,Female,Tamil Nadu,Prepaid,1144.2,8,40.0,15,0,Yes,UPI,No
CUST1212,18,Female,Tamil Nadu,Prepaid,869.05,1,16.05,1,0,No,Net Banking,No
CUST1213,36,Male,West Bengal,Prepaid,180.84,37,73.93,19,3,Yes,UPI,No
CUST1214,19,Male,Tamil Nadu,Prepaid,1053.06,22,36.37,19,3,Yes,Net Banking,No
CUST1215,61,Male,West Bengal,Postpaid,753.49,6,67.29,13,1,Yes,Net Banking,Yes
CUST1216,43,Male,Delhi,Postpaid,148.25,21,27.43,2,8,Yes,Debit Card,No
CUST1217,49,Female,Gujarat,Prepaid,1457.45,32,8.58,11,8,No,Debit Card,No
CUST1218,23,Male,Karnataka,Postpaid,1428.76,35,99.26,7,1,No,Credit Card,No
CUST1219,49,Male,Uttar Pradesh,Prepaid,818.06,15,16.04,1,8,No,Credit Card,Yes
CUST1220,21,Female,Karnataka,Prepaid,231.14,5,98.85,3,5,Yes,Net Banking,No
CUST1221,28,Male,Delhi,Prepaid,1156.47,56,97.74,13,7,Yes,UPI,No
CUST1222,34,Male,Uttar Pradesh,Prepaid,788.7,46,79.48,15,9,Yes,Cash,No
CUST1223,55,Male,Tamil Nadu,Postpaid,523.43,50,66.11,18,3,Yes,Cash,No
CUST1224,41,Male,Maharashtra,Prepaid,787.99,48,57.99,1,1,Yes,UPI,No
CUST1225,22,Male,Delhi,Prepaid,831.42,6,86.68,11,1,Yes,UPI,No
CUST1226,51,Male,Delhi,Postpaid,887.8,25,29.3,13,8,Yes,Debit Card,No
CUST1227,23,Female,Gujarat,Prepaid,717.71,56,47.03,5,0,Yes,Cash,No
CUST1228,39,Female,Karnataka,Prepaid,948.06,46,62.13,12,6,Yes,Net Banking,No
CUST1229,28,Male,Delhi,Prepaid,1386.23,59,41.41,3,2,Yes,Credit Card,No
CUST1230,33,Male,Delhi,Postpaid,607.18,56,43.03,17,2,Yes,Debit Card,Yes
CUST1231,50,Female,Tamil Nadu,Prepaid,1116.0,40,33.36,11,1,Yes,Cash,Yes
CUST1232,26,Male,Tamil Nadu,Postpaid,1352.23,29,56.64,19,9,Yes,UPI,No
CUST1233,23,Male,Uttar Pradesh,Prepaid,738.37,7,85.13,18,5,No,Cash,No
CUST1234,33,Male,West Bengal,Prepaid,720.84,40,20.55,7,9,No,Net Banking,No
CUST1235,46,Female,West Bengal,Postpaid,942.96,13,93.48,6,1,No,Debit Card,No
CUST1236,20,Male,Maharashtra,Prepaid,927.97,38,69.06,15,9,Yes,UPI,No
CUST1237,37,Female,West Bengal,Prepaid,1229.23,18,82.42,18,3,Yes,Net Banking,No
CUST1238,53,Male,Gujarat,Postpaid,767.08,2,55.84,5,9,Yes,Credit Card,No
CUST1239,36,Female,Maharashtra,Postpaid,1494.57,8,78.06,19,8,No,Debit Card,No
CUST1240,43,Female,Uttar Pradesh,Postpaid,183.26,11,2.11,10,8,Yes,Net Banking,No
CUST1241,20,Male,Tamil Nadu,Postpaid,104.43,33,81.93,4,5,No,Net Banking,No
CUST1242,36,Female,West Bengal,Postpaid,996.28,54,4.49,15,3,Yes,UPI,No
CUST1243,37,Male,Karnataka,Prepaid,517.81,38,89.05,6,6,No,Credit Card,No
CUST1244,49,Female,Tamil Nadu,Postpaid,436.54,48,99.2,4,0,No,Net Banking,Yes
CUST1245,24,Male,Gujarat,Prepaid,536.66,27,29.76,10,3,Yes,Debit Card,Yes
CUST1246,58,Male,Tamil Nadu,Prepaid,458.47,20,21.43,14,4,Yes,Net Banking,No
CUST1247,50,Female,Gujarat,Prepaid,143.11,12,76.65,2,7,Yes,Cash,No
CUST1248,57,Male,Gujarat,Postpaid,1460.15,43,25.68,4,1,Yes,Debit Card,No
CUST1249,56,Male,Gujarat,Postpaid,409.04,31,86.62,4,4,Yes,Debit Card,No
CUST1250,35,Female,Uttar Pradesh,Prepaid,1127.64,27,10.73,8,5,Yes,Net Banking,No
CUST1251,57,Male,Gujarat,Postpaid,1167.63,32,13.03,14,4,Yes,UPI,No
CUST1252,18,Male,Gujarat,Postpaid,1400.96,10,97.93,2,8,Yes,Debit Card,No
CUST1253,28,Female,Karnataka,Postpaid,142.77,3,67.55,5,9,Yes,Cash,No
CUST1254,45,Female,Maharashtra,Postpaid,1320.87,45,84.77,16,0,Yes,UPI,Yes
CUST1255,42,Male,Delhi,Prepaid,838.12,27,32.77,7,2,Yes,UPI,No
CUST1256,40,Male,Maharashtra,Prepaid,985.56,35,67.81,10,1,Yes,UPI,No
CUST1257,48,Female,Gujarat,Postpaid,1002.26,31,59.63,5,2,No,Debit Card,No
CUST1258,47,Female,Karnataka,Prepaid,1247.72,15,60.51,7,9,Yes,UPI,No
CUST1259,59,Male,Tamil Nadu,Postpaid,566.77,16,68.41,9,8,No,Net Banking,No
CUST1260,52,Female,Karnataka,Postpaid,1126.27,13,57.75,2,8,Yes,UPI,No
CUST1261,24,Male,Gujarat,Prepaid,840.01,49,43.19,13,9,Yes,Cash,No
CUST1262,33,Male,Karnataka,Prepaid,1210.75,35,27.95,13,1,Yes,Credit Card,No
CUST1263,43,Male,West Bengal,Prepaid,1486.76,52,76.97,9,2,Yes,Cash,No
CUST1264,19,Male,Karnataka,Postpaid,380.91,11,23.01,11,3,Yes,Debit Card,Yes
CUST1265,18,Male,Gujarat,Prepaid,1492.51,59,69.39,5,8,Yes,UPI,No
CUST1266,29,Female,Uttar Pradesh,Postpaid,225.74,21,23.72,11,2,Yes,UPI,Yes
CUST1267,22,Female,West Bengal,Prepaid,103.24,51,62.72,13,6,Yes,Net Banking,No
CUST1268,54,Female,Karnataka,Prepaid,161.83,54,74.83,1,2,Yes,UPI,Yes
CUST1269,49,Female,Delhi,Postpaid,578.5,11,22.26,8,6,No,Cash,No
CUST1270,26,Male,Delhi,Postpaid,986.07,30,6.46,9,6,Yes,Debit Card,No
CUST1271,58,Male,Karnataka,Postpaid,196.64,48,13.53,16,8,Yes,Credit Card,No
CUST1272,52,Male,Uttar Pradesh,Postpaid,107.93,53,60.8,16,1,No,UPI,Yes
CUST1273,36,Male,Tamil Nadu,Postpaid,1411.93,35,85.02,2,5,Yes,Credit Card,No
CUST1274,33,Female,Gujarat,Postpaid,1250.7,22,4.98,18,8,No,UPI,No
CUST1275,20,Male,Delhi,Postpaid,1232.86,38,73.55,0,1,Yes,Debit Card,No
CUST1276,37,Male,Tamil Nadu,Postpaid,1338.19,31,34.46,11,1,Yes,Cash,Yes
CUST1277,41,Female,Karnataka,Prepaid,1080.05,14,48.11,6,4,No,Debit Card,No
CUST1278,50,Female,Tamil Nadu,Postpaid,246.17,24,92.92,3,9,Yes,Credit Card,Yes
CUST1279,41,Female,West Bengal,Postpaid,658.74,50,33.53,9,9,No,UPI,No
CUST1280,28,Female,Maharashtra,Prepaid,1112.41,49,46.8,12,9,Yes,Credit Card,No
CUST1281,25,Male,Delhi,Postpaid,492.47,32,1.86,1,7,Yes,Cash,No
CUST1282,53,Male,Karnataka,Prepaid,1062.37,36,8.62,9,8,No,Debit Card,No
CUST1283,55,Female,Gujarat,Prepaid,134.3,32,26.23,3,1,Yes,Credit Card,No
CUST1284,57,Male,Uttar Pradesh,Postpaid,528.59,55,3.27,17,4,No,Credit Card,No
CUST1285,37,Male,West Bengal,Prepaid,868.78,15,63.32,4,6,Yes,Cash,No
CUST1286,52,Male,Karnataka,Postpaid,984.93,43,42.93,18,5,Yes,UPI,No
CUST1287,42,Female,Gujarat,Prepaid,907.86,58,55.04,1,5,Yes,Credit Card,No
CUST1288,52,Male,Uttar Pradesh,Prepaid,1076.86,35,17.88,11,6,No,Cash,No
CUST1289,42,Female,Uttar Pradesh,Prepaid,108.52,3,29.95,16,2,Yes,UPI,No
CUST1290,46,Male,Karnataka,Postpaid,241.32,16,66.55,9,2,Yes,UPI,No
CUST1291,35,Male,West Bengal,Postpaid,1316.52,5,96.55,1,9,No,Debit Card,No
CUST1292,63,Male,Tamil Nadu,Prepaid,1054.45,21,5.52,5,8,No,Cash,No
CUST1293,35,Female,Tamil Nadu,Prepaid,258.1,10,89.09,7,7,Yes,UPI,Yes
CUST1294,19,Male,Uttar Pradesh,Postpaid,1278.9,19,57.9,18,4,Yes,Debit Card,No
CUST1295,52,Female,Tamil Nadu,Postpaid,439.12,25,56.61,10,5,Yes,Net Banking,No
CUST1296,33,Female,Maharashtra,Prepaid,769.56,4,50.28,11,9,Yes,Cash,No
CUST1297,58,Female,Uttar Pradesh,Prepaid,303.28,29,7.4,8,0,Yes,Net Banking,No
CUST1298,53,Male,Uttar Pradesh,Postpaid,1094.15,19,9.44,1,9,Yes,UPI,No
CUST1299,50,Male,Gujarat,Postpaid,1033.6,43,60.29,7,0,Yes,Cash,No
CUST1300,21,Male,Tamil Nadu,Postpaid,395.56,2,34.43,10,3,No,Debit Card,No
CUST1301,50,Male,West Bengal,Postpaid,1308.76,10,91.77,3,1,No,UPI,No
CUST1302,31,Female,Uttar Pradesh,Postpaid,661.83,43,40.96,9,6,Yes,Cash,Yes
CUST1303,38,Female,West Bengal,Prepaid,509.52,25,14.76,19,1,Yes,Cash,No
CUST1304,37,Female,Maharashtra,Postpaid,313.26,20,71.61,15,9,Yes,Net Banking,No
CUST1305,25,Male,Gujarat,Prepaid,472.64,48,29.69,7,1,Yes,UPI,No
CUST1306,24,Female,Karnataka,Postpaid,130.84,19,52.78,3,4,No,Debit Card,Yes
CUST1307,20,Male,West Bengal,Prepaid,916.56,23,69.93,9,3,Yes,Debit Card,Yes
CUST1308,34,Female,Uttar Pradesh,Postpaid,1279.12,24,90.08,11,7,Yes,UPI,Yes
CUST1309,50,Male,Maharashtra,Postpaid,868.57,11,79.32,13,3,Yes,UPI,Yes
CUST1310,29,Male,Delhi,Prepaid,406.98,46,67.8,15,5,Yes,Credit Card,No
CUST1311,39,Female,Maharashtra,Prepaid,147.14,34,68.12,17,4,Yes,Net Banking,No
CUST1312,39,Female,Maharashtra,Postpaid,400.48,55,94.62,11,1,Yes,UPI,No
CUST1313,63,Female,Gujarat,Postpaid,682.57,28,29.93,17,7,Yes,UPI,No
CUST1314,47,Female,Karnataka,Postpaid,1163.46,5,0.61,6,1,Yes,Credit Card,No
CUST1315,55,Male,Delhi,Postpaid,362.98,59,27.56,19,8,No,Credit Card,Yes
CUST1316,55,Female,Tamil Nadu,Postpaid,1107.71,5,22.18,6,8,No,Cash,No
CUST1317,62,Female,Tamil Nadu,Prepaid,1313.71,51,66.35,8,2,Yes,Debit Card,No
CUST1318,25,Female,West Bengal,Prepaid,735.53,21,63.55,0,3,Yes,Net Banking,Yes
CUST1319,44,Male,Maharashtra,Postpaid,1250.0,12,59.55,5,7,Yes,Cash,No
CUST1320,44,Male,Gujarat,Prepaid,876.52,50,2.12,5,8,Yes,UPI,No
CUST1321,51,Female,Gujarat,Prepaid,991.93,4,73.01,11,2,Yes,Credit Card,Yes
CUST1322,38,Male,Tamil Nadu,Prepaid,836.79,54,32.69,11,4,Yes,Debit Card,Yes
CUST1323,47,Female,West Bengal,Postpaid,748.44,49,66.67,9,7,Yes,Cash,No
CUST1324,50,Male,West Bengal,Prepaid,428.51,42,55.88,5,2,Yes,Debit Card,Yes
CUST1325,45,Male,West Bengal,Postpaid,524.47,20,34.6,16,6,Yes,Credit Card,No
CUST1326,64,Male,Delhi,Prepaid,505.96,38,13.89,18,7,Yes,Cash,Yes
CUST1327,50,Male,Karnataka,Postpaid,888.6,25,9.89,17,9,No,Cash,No
CUST1328,22,Female,Delhi,Prepaid,267.94,14,83.24,5,2,Yes,Debit Card,No
CUST1329,36,Female,Uttar Pradesh,Postpaid,1383.51,11,91.88,18,1,Yes,Credit Card,No
CUST1330,21,Female,Uttar Pradesh,Postpaid,1108.92,32,65.15,9,9,Yes,UPI,No
CUST1331,52,Male,Karnataka,Prepaid,662.02,11,10.79,7,6,No,Cash,No
CUST1332,34,Female,Tamil Nadu,Postpaid,322.07,18,40.5,5,8,No,UPI,No
CUST1333,61,Female,Karnataka,Postpaid,1334.79,27,73.03,6,0,No,Credit Card,No
CUST1334,45,Female,Gujarat,Postpaid,1253.29,55,78.09,0,2,Yes,Cash,Yes
CUST1335,47,Male,Uttar Pradesh,Postpaid,1110.41,54,12.26,17,4,Yes,Cash,Yes
CUST1336,46,Male,Maharashtra,Postpaid,480.17,18,0.5,19,2,No,UPI,No
CUST1337,63,Male,Maharashtra,Postpaid,663.43,56,71.36,11,0,Yes,Net Banking,No
CUST1338,23,Female,Tamil Nadu,Postpaid,243.85,23,35.98,15,6,Yes,UPI,No
CUST1339,52,Female,Gujarat,Postpaid,364.66,11,25.82,9,6,No,UPI,No
CUST1340,58,Female,Delhi,Prepaid,1196.22,21,1.78,9,9,Yes,Net Banking,No
CUST1341,54,Male,Gujarat,Prepaid,1101.05,44,54.26,13,7,Yes,Credit Card,No
CUST1342,41,Male,Maharashtra,Postpaid,930.88,5,85.19,19,4,Yes,Credit Card,No
CUST1343,46,Female,Maharashtra,Postpaid,1354.02,23,95.78,9,9,Yes,Cash,Yes
CUST1344,63,Male,Uttar Pradesh,Prepaid,916.57,41,56.79,9,4,Yes,Debit Card,No
CUST1345,48,Male,Gujarat,Prepaid,753.76,59,51.69,10,4,Yes,Debit Card,No
CUST1346,52,Male,Gujarat,Prepaid,576.52,25,8.96,1,0,No,Cash,No
CUST1347,50,Male,Maharashtra,Postpaid,1416.63,41,55.11,19,9,Yes,Debit Card,No
CUST1348,38,Female,Delhi,Prepaid,215.8,54,38.31,7,4,No,UPI,No
CUST1349,49,Male,Tamil Nadu,Postpaid,1403.24,10,60.91,6,5,Yes,UPI,No
CUST1350,40,Male,West Bengal,Postpaid,1257.4,22,39.18,7,0,Yes,Net Banking,Yes
CUST1351,50,Male,Tamil Nadu,Prepaid,281.9,19,24.41,0,6,No,Net Banking,Yes
CUST1352,20,Male,Gujarat,Postpaid,890.98,1,9.95,1,0,No,Cash,No
CUST1353,35,Female,Tamil Nadu,Postpaid,1313.17,7,31.83,17,1,Yes,Cash,No
CUST1354,42,Female,Maharashtra,Postpaid,900.53,4,10.12,14,1,No,Cash,No
CUST1355,59,Male,Maharashtra,Postpaid,1370.08,1,18.1,0,4,No,UPI,No
CUST1356,48,Male,Gujarat,Prepaid,1420.18,15,98.74,4,9,No,Debit Card,Yes
CUST1357,20,Male,Gujarat,Prepaid,691.34,40,44.69,1,6,Yes,Cash,No
CUST1358,57,Male,West Bengal,Postpaid,628.24,12,53.42,19,0,No,Cash,No
CUST1359,63,Male,West Bengal,Postpaid,1410.85,22,87.43,2,9,No,UPI,No
CUST1360,41,Male,Uttar Pradesh,Prepaid,1045.2,22,99.56,18,0,No,UPI,Yes
CUST1361,49,Female,Gujarat,Postpaid,262.43,50,58.48,17,0,Yes,UPI,No
CUST1362,64,Male,Delhi,Prepaid,159.21,47,81.34,17,5,Yes,Debit Card,No
CUST1363,39,Female,Tamil Nadu,Postpaid,890.48,17,33.03,13,1,Yes,Cash,No
CUST1364,40,Female,Gujarat,Postpaid,1402.24,29,30.92,7,0,Yes,Credit Card,No
CUST1365,19,Male,Karnataka,Prepaid,1281.95,46,40.57,11,5,No,Credit Card,No
CUST1366,44,Female,Uttar Pradesh,Prepaid,1046.19,14,67.41,9,1,Yes,Cash,No
CUST1367,59,Female,Karnataka,Prepaid,294.76,50,68.38,19,5,Yes,Cash,Yes
CUST1368,19,Female,Maharashtra,Prepaid,455.92,20,31.87,16,9,No,Cash,No
CUST1369,43,Female,West Bengal,Postpaid,1325.72,50,13.75,10,7,Yes,Cash,No
CUST1370,34,Female,Tamil Nadu,Prepaid,355.93,48,63.42,1,1,Yes,Debit Card,No
CUST1371,57,Female,Gujarat,Postpaid,489.82,33,13.27,3,8,Yes,Credit Card,Yes
CUST1372,50,Male,Karnataka,Prepaid,281.44,55,58.06,0,7,Yes,Net Banking,Yes
CUST1373,26,Female,Tamil Nadu,Prepaid,1046.55,59,69.5,14,9,Yes,Credit Card,No
CUST1374,60,Female,Maharashtra,Postpaid,1421.58,43,70.21,12,0,No,Credit Card,No
CUST1375,56,Female,West Bengal,Prepaid,476.56,15,75.47,7,6,Yes,UPI,No
CUST1376,46,Male,Delhi,Prepaid,765.57,12,87.35,3,9,Yes,Cash,No
CUST1377,59,Female,Uttar Pradesh,Prepaid,988.08,40,50.25,9,5,Yes,Cash,No
CUST1378,43,Male,Tamil Nadu,Prepaid,1499.25,54,73.16,18,5,Yes,Cash,Yes
CUST1379,52,Female,Tamil Nadu,Postpaid,246.73,20,62.11,17,5,Yes,UPI,No
CUST1380,42,Male,Delhi,Postpaid,798.0,30,19.07,4,5,Yes,Debit Card,No
CUST1381,41,Male,Tamil Nadu,Prepaid,639.17,38,3.06,18,9,Yes,Debit Card,No
CUST1382,30,Female,Maharashtra,Prepaid,1312.15,3,28.81,15,6,No,Net Banking,No
CUST1383,24,Female,Maharashtra,Prepaid,766.35,28,44.58,0,2,Yes,Debit Card,No
CUST1384,53,Male,Delhi,Postpaid,255.37,56,61.9,11,5,Yes,Debit Card,No
CUST1385,62,Female,Uttar Pradesh,Postpaid,988.19,26,85.07,1,2,No,Cash,Yes
CUST1386,37,Male,Gujarat,Postpaid,1179.09,30,20.03,7,6,Yes,Credit Card,No
CUST1387,18,Male,Karnataka,Postpaid,104.03,13,12.99,17,6,Yes,Debit Card,No
CUST1388,25,Male,Gujarat,Prepaid,1302.54,13,96.37,15,7,Yes,Debit Card,No
CUST1389,63,Male,Tamil Nadu,Prepaid,360.43,2,11.25,4,1,Yes,UPI,Yes
CUST1390,33,Male,Karnataka,Prepaid,872.9,37,48.11,12,8,Yes,Net Banking,Yes
CUST1391,31,Female,Delhi,Postpaid,682.12,49,58.76,18,4,Yes,UPI,No
CUST1392,29,Male,Delhi,Prepaid,1107.52,38,54.37,2,8,Yes,Cash,No
CUST1393,40,Male,Uttar Pradesh,Postpaid,619.63,2,9.06,7,9,Yes,Credit Card,No
CUST1394,32,Female,Karnataka,Postpaid,1317.67,36,6.17,11,4,Yes,Net Banking,No
CUST1395,45,Male,Maharashtra,Prepaid,1122.69,54,11.0,1,6,Yes,UPI,No
CUST1396,51,Female,Karnataka,Prepaid,1006.8,26,58.77,10,8,No,Debit Card,No
CUST1397,19,Female,Tamil Nadu,Prepaid,1214.74,11,54.66,11,3,No,Debit Card,No
CUST1398,49,Female,Maharashtra,Postpaid,1155.63,8,23.76,17,1,No,Net Banking,No
CUST1399,40,Male,West Bengal,Postpaid,150.31,44,63.96,12,8,Yes,Debit Card,No
CUST1400,39,Male,West Bengal,Prepaid,652.63,40,82.1,4,1,Yes,UPI,No
CUST1401,42,Male,West Bengal,Prepaid,1403.13,43,4.64,11,2,Yes,UPI,No
CUST1402,39,Female,Delhi,Postpaid,276.01,22,50.06,1,9,Yes,Debit Card,Yes
CUST1403,39,Male,Karnataka,Prepaid,1131.94,20,69.09,4,1,Yes,Debit Card,No
CUST1404,59,Female,West Bengal,Postpaid,1464.43,8,25.61,6,2,Yes,Cash,No
CUST1405,23,Male,Gujarat,Postpaid,173.08,29,31.12,11,5,Yes,Credit Card,No
CUST1406,32,Female,Uttar Pradesh,Prepaid,1055.07,40,61.56,15,2,Yes,Net Banking,No
CUST1407,60,Male,Gujarat,Prepaid,755.42,26,89.84,7,9,No,UPI,No
CUST1408,54,Male,West Bengal,Prepaid,910.85,30,81.09,8,7,Yes,Net Banking,Yes
CUST1409,50,Male,Uttar Pradesh,Prepaid,219.48,17,58.52,14,5,Yes,Cash,Yes
CUST1410,25,Female,Tamil Nadu,Postpaid,160.21,20,73.16,4,6,Yes,UPI,No
CUST1411,61,Female,Gujarat,Postpaid,1033.61,52,36.8,12,0,Yes,Cash,No
CUST1412,61,Male,Karnataka,Postpaid,1252.63,55,64.28,4,2,Yes,Cash,No
CUST1413,22,Male,Karnataka,Prepaid,1194.82,16,46.89,10,2,Yes,Debit Card,No
CUST1414,56,Female,Gujarat,Postpaid,861.33,46,19.4,9,1,Yes,Net Banking,No
CUST1415,21,Female,West Bengal,Prepaid,239.81,43,70.32,19,6,No,Net Banking,No
CUST1416,23,Female,Karnataka,Prepaid,1063.26,7,55.87,12,8,No,Debit Card,No
CUST1417,62,Male,Tamil Nadu,Prepaid,438.64,16,36.18,8,3,No,Net Banking,Yes
CUST1418,49,Female,Maharashtra,Prepaid,1375.5,45,91.18,13,4,No,Debit Card,No
CUST1419,47,Male,West Bengal,Prepaid,1273.57,59,2.58,17,2,Yes,UPI,Yes
CUST1420,64,Female,Tamil Nadu,Prepaid,1093.14,47,31.92,14,8,Yes,Cash,Yes
CUST1421,52,Male,Uttar Pradesh,Postpaid,1428.38,56,6.16,9,3,Yes,Cash,No
CUST1422,57,Female,Tamil Nadu,Prepaid,143.99,48,76.77,6,4,Yes,Net Banking,Yes
CUST1423,33,Female,West Bengal,Postpaid,1130.68,27,70.36,7,0,Yes,Credit Card,No
CUST1424,30,Female,Uttar Pradesh,Postpaid,562.34,53,33.47,2,1,No,Cash,No
CUST1425,59,Female,West Bengal,Prepaid,1368.49,23,67.73,14,8,Yes,Debit Card,No
CUST1426,47,Female,Karnataka,Prepaid,473.35,24,39.9,15,1,Yes,Credit Card,No
CUST1427,36,Male,Maharashtra,Prepaid,1114.8,9,75.75,3,4,Yes,Credit Card,Yes
CUST1428,34,Female,West Bengal,Postpaid,1328.71,35,45.69,5,7,No,Cash,No
CUST1429,36,Female,West Bengal,Prepaid,158.32,51,41.52,0,2,Yes,Cash,No
CUST1430,45,Female,Karnataka,Postpaid,656.71,20,93.51,3,5,No,Cash,No
CUST1431,43,Male,Delhi,Prepaid,1167.23,37,25.46,10,3,No,Debit Card,Yes
CUST1432,54,Female,Karnataka,Prepaid,736.89,42,12.48,11,6,No,Credit Card,No
CUST1433,43,Male,Uttar Pradesh,Postpaid,474.15,17,58.66,4,9,No,Net Banking,Yes
CUST1434,40,Female,Karnataka,Postpaid,407.73,47,96.95,15,2,No,Debit Card,No
CUST1435,26,Female,Karnataka,Prepaid,284.13,31,38.1,12,5,Yes,UPI,No
CUST1436,29,Male,Maharashtra,Postpaid,1299.98,55,6.67,12,9,Yes,Cash,Yes
CUST1437,18,Female,Karnataka,Postpaid,905.5,57,34.26,16,8,Yes,Credit Card,No
CUST1438,18,Male,West Bengal,Postpaid,206.94,8,50.84,6,9,Yes,Debit Card,No
CUST1439,64,Male,Maharashtra,Postpaid,635.61,15,16.61,7,0,No,UPI,No
CUST1440,51,Female,Gujarat,Postpaid,614.83,31,65.98,12,2,Yes,Debit Card,No
CUST1441,49,Male,Delhi,Prepaid,354.43,53,99.78,15,1,No,Debit Card,No
CUST1442,42,Female,Maharashtra,Prepaid,709.71,30,45.45,3,7,Yes,Net Banking,No
CUST1443,57,Female,Uttar Pradesh,Postpaid,564.94,46,35.8,7,6,Yes,Net Banking,Yes
CUST1444,62,Male,Gujarat,Prepaid,578.53,20,40.37,15,1,No,Debit Card,No
CUST1445,18,Male,Maharashtra,Prepaid,1134.64,39,11.96,9,5,Yes,UPI,Yes
CUST1446,33,Male,Maharashtra,Postpaid,412.57,53,88.39,11,2,Yes,Credit Card,No
CUST1447,56,Male,Delhi,Prepaid,998.6,55,41.78,11,7,Yes,Credit Card,No
CUST1448,22,Female,West Bengal,Postpaid,898.91,12,39.03,4,9,Yes,Cash,No
CUST1449,39,Female,Uttar Pradesh,Postpaid,895.33,49,66.14,15,2,Yes,Cash,No
CUST1450,46,Male,Tamil Nadu,Prepaid,1028.21,17,44.48,0,9,Yes,Credit Card,No
CUST1451,20,Female,Tamil Nadu,Postpaid,867.73,42,65.0,8,8,Yes,Debit Card,No
CUST1452,29,Female,Maharashtra,Postpaid,1330.96,30,6.61,11,0,No,Debit Card,No
CUST1453,43,Female,Karnataka,Postpaid,1045.81,29,81.47,4,4,No,Net Banking,No
CUST1454,33,Female,Uttar Pradesh,Postpaid,865.75,19,94.08,19,2,Yes,Net Banking,No
CUST1455,54,Male,Gujarat,Postpaid,1261.67,46,65.05,2,5,Yes,Cash,No
CUST1456,39,Male,Karnataka,Prepaid,948.61,11,95.48,4,9,No,Credit Card,Yes
CUST1457,46,Female,Karnataka,Prepaid,507.6,34,15.57,1,1,Yes,Debit Card,No
CUST1458,31,Male,Uttar Pradesh,Postpaid,389.93,50,48.0,13,8,Yes,Credit Card,No
CUST1459,45,Male,West Bengal,Postpaid,313.26,7,60.38,1,5,Yes,UPI,No
CUST1460,22,Male,Maharashtra,Prepaid,1359.24,44,58.38,12,6,No,Credit Card,No
CUST1461,64,Female,Maharashtra,Postpaid,1094.19,58,40.45,6,4,Yes,UPI,No
CUST1462,47,Female,Maharashtra,Prepaid,1412.33,34,34.14,9,8,Yes,Net Banking,No
CUST1463,63,Female,Maharashtra,Postpaid,944.61,59,13.12,12,0,Yes,Net Banking,No
CUST1464,22,Male,Tamil Nadu,Postpaid,762.76,20,39.48,15,4,Yes,Cash,No
CUST1465,29,Female,Maharashtra,Postpaid,183.6,50,16.68,13,9,Yes,Credit Card,No
CUST1466,33,Female,Tamil Nadu,Postpaid,1040.3,38,73.57,10,5,Yes,Credit Card,No
CUST1467,43,Male,Tamil Nadu,Postpaid,915.09,24,21.28,9,6,No,UPI,No
CUST1468,43,Female,West Bengal,Postpaid,1486.29,10,6.33,5,3,No,Net Banking,No
CUST1469,38,Female,Maharashtra,Postpaid,434.82,32,55.46,3,0,Yes,UPI,No
CUST1470,56,Male,Delhi,Prepaid,843.03,52,59.73,0,7,Yes,Net Banking,No
CUST1471,53,Male,Gujarat,Prepaid,1011.34,15,87.26,6,9,Yes,UPI,No
CUST1472,50,Male,Karnataka,Prepaid,1002.43,37,57.91,8,3,No,Net Banking,No
CUST1473,47,Female,Tamil Nadu,Postpaid,885.81,20,34.88,7,2,No,UPI,No
CUST1474,54,Female,Uttar Pradesh,Postpaid,1187.7,3,80.4,4,6,Yes,Net Banking,No
CUST1475,40,Female,Uttar Pradesh,Postpaid,386.97,37,54.26,18,1,Yes,UPI,No
CUST1476,27,Male,Gujarat,Postpaid,1115.88,57,8.39,9,7,No,Credit Card,No
CUST1477,22,Male,Uttar Pradesh,Postpaid,967.63,40,56.8,10,5,Yes,Cash,No
CUST1478,53,Female,Delhi,Postpaid,1354.51,8,90.85,14,6,Yes,UPI,No
CUST1479,51,Female,Uttar Pradesh,Postpaid,1286.07,40,39.93,5,4,Yes,Cash,No
CUST1480,48,Male,Karnataka,Prepaid,541.21,44,29.98,14,8,Yes,Credit Card,No
CUST1481,27,Male,Karnataka,Postpaid,486.73,56,14.78,4,4,Yes,Credit Card,No
CUST1482,36,Male,Tamil Nadu,Prepaid,1474.31,23,15.57,18,4,No,Net Banking,No
CUST1483,49,Male,Maharashtra,Prepaid,838.17,40,43.56,18,2,Yes,Cash,No
CUST1484,18,Female,West Bengal,Postpaid,1368.99,11,59.77,9,0,Yes,Debit Card,No
CUST1485,22,Male,Delhi,Postpaid,329.43,46,8.52,11,1,Yes,Net Banking,No
CUST1486,62,Female,Tamil Nadu,Prepaid,999.95,8,93.99,3,7,Yes,Cash,No
CUST1487,21,Female,Delhi,Prepaid,1233.8,29,75.64,17,0,Yes,UPI,No
CUST1488,33,Female,Maharashtra,Postpaid,1426.35,30,58.87,15,6,Yes,UPI,No
CUST1489,41,Male,Uttar Pradesh,Postpaid,572.28,56,82.93,7,4,No,Credit Card,No
CUST1490,33,Male,Uttar Pradesh,Prepaid,1114.97,10,8.48,3,2,Yes,Debit Card,Yes
CUST1491,19,Male,West Bengal,Postpaid,854.34,39,47.95,11,6,Yes,UPI,No
CUST1492,45,Male,Maharashtra,Postpaid,184.88,28,63.19,1,8,Yes,Cash,No
CUST1493,49,Female,Tamil Nadu,Postpaid,1066.0,49,82.95,3,1,Yes,Cash,No
CUST1494,44,Male,West Bengal,Prepaid,1066.14,36,78.46,4,7,No,UPI,No
CUST1495,37,Male,Maharashtra,Prepaid,1402.85,13,28.07,2,8,Yes,Cash,No
CUST1496,41,Female,Gujarat,Prepaid,796.24,32,94.12,8,2,No,Cash,No
CUST1497,29,Male,Karnataka,Postpaid,422.35,36,12.87,17,1,Yes,Credit Card,No
CUST1498,52,Female,West Bengal,Postpaid,162.39,37,87.58,10,6,No,Debit Card,Yes
CUST1499,50,Female,West Bengal,Prepaid,681.9,26,97.11,2,4,Yes,Credit Card,No
CUST1500,50,Female,Tamil Nadu,Prepaid,522.68,22,18.13,1,4,Yes,Debit Card,No
CUST1501,60,Female,Delhi,Prepaid,1165.52,4,72.35,8,9,Yes,Cash,No
CUST1502,54,Female,Gujarat,Postpaid,595.97,31,4.51,13,4,Yes,Debit Card,Yes
CUST1503,29,Female,Tamil Nadu,Prepaid,1428.7,18,40.84,3,3,No,Cash,Yes
CUST1504,20,Female,Maharashtra,Prepaid,1447.23,38,51.87,8,4,No,Cash,No
CUST1505,18,Female,Maharashtra,Postpaid,969.27,24,58.27,12,3,Yes,Credit Card,Yes
CUST1506,50,Male,Maharashtra,Postpaid,1400.12,56,93.63,17,5,Yes,Credit Card,Yes
CUST1507,57,Male,Maharashtra,Postpaid,1165.2,23,67.39,14,3,Yes,Net Banking,No
CUST1508,27,Male,Delhi,Prepaid,865.6,22,48.39,9,1,No,UPI,No
CUST1509,60,Male,Gujarat,Postpaid,352.43,2,81.06,15,8,Yes,Net Banking,No
CUST1510,61,Female,Uttar Pradesh,Postpaid,742.04,31,95.08,11,1,Yes,Net Banking,Yes
CUST1511,46,Male,Karnataka,Prepaid,885.22,55,2.7,19,8,Yes,Debit Card,Yes
CUST1512,30,Female,Delhi,Postpaid,1309.55,11,98.26,4,9,No,Cash,No
CUST1513,29,Male,Delhi,Prepaid,773.87,28,9.07,1,5,Yes,Cash,No
CUST1514,48,Male,Uttar Pradesh,Prepaid,1356.74,46,81.53,9,8,No,Cash,Yes
CUST1515,63,Male,Uttar Pradesh,Postpaid,1044.09,32,28.39,0,8,No,UPI,No
CUST1516,19,Female,Karnataka,Postpaid,291.8,5,13.65,6,2,Yes,Debit Card,No
CUST1517,52,Male,Karnataka,Postpaid,1492.97,38,44.27,16,0,Yes,Debit Card,No
CUST1518,40,Female,Uttar Pradesh,Postpaid,838.13,10,64.57,15,0,No,Cash,No
CUST1519,34,Female,Maharashtra,Postpaid,648.6,40,38.4,2,2,Yes,Net Banking,No
CUST1520,43,Male,Delhi,Postpaid,1022.76,46,5.93,13,4,No,UPI,No
CUST1521,25,Male,Tamil Nadu,Prepaid,252.45,24,60.15,9,2,Yes,Net Banking,No
CUST1522,46,Male,Karnataka,Prepaid,991.15,35,90.29,6,8,Yes,Credit Card,No
CUST1523,43,Female,Karnataka,Postpaid,797.53,44,38.63,16,8,No,Debit Card,No
CUST1524,27,Male,Uttar Pradesh,Prepaid,669.34,48,22.03,5,2,Yes,Debit Card,No
CUST1525,43,Female,Gujarat,Postpaid,1434.23,23,44.54,3,2,Yes,Net Banking,No
CUST1526,51,Female,Tamil Nadu,Prepaid,831.56,17,5.31,16,4,No,UPI,No
CUST1527,58,Male,Tamil Nadu,Prepaid,406.76,1,82.14,8,1,Yes,Debit Card,Yes
CUST1528,24,Male,Karnataka,Prepaid,742.55,55,82.72,3,5,Yes,Net Banking,No
CUST1529,21,Female,Maharashtra,Postpaid,1387.14,31,59.01,6,6,Yes,UPI,Yes
CUST1530,62,Female,Gujarat,Prepaid,346.53,31,35.63,1,8,No,Net Banking,No
CUST1531,28,Female,Tamil Nadu,Postpaid,399.54,42,80.08,16,5,No,UPI,Yes
CUST1532,46,Male,Karnataka,Prepaid,118.24,57,55.69,7,2,Yes,Cash,No
CUST1533,53,Female,Tamil Nadu,Prepaid,119.87,55,82.68,14,4,No,UPI,Yes
CUST1534,42,Male,West Bengal,Prepaid,1261.15,42,63.33,14,3,No,Credit Card,No
CUST1535,38,Female,Gujarat,Prepaid,1124.97,53,78.55,7,4,Yes,Cash,No
CUST1536,53,Female,Gujarat,Prepaid,597.06,56,60.06,15,7,Yes,Net Banking,No
CUST1537,27,Male,West Bengal,Postpaid,1077.64,34,41.71,18,7,Yes,Cash,No
CUST1538,54,Female,Delhi,Postpaid,653.29,9,95.82,10,5,Yes,Cash,No
CUST1539,26,Male,West Bengal,Prepaid,1434.06,22,54.34,1,0,No,Net Banking,No
CUST1540,41,Male,Uttar Pradesh,Prepaid,1453.87,13,60.71,16,7,No,Net Banking,No
CUST1541,52,Female,Uttar Pradesh,Prepaid,649.91,25,22.44,15,7,Yes,Credit Card,No
CUST1542,52,Male,Karnataka,Prepaid,1295.91,48,62.75,14,1,Yes,Net Banking,No
CUST1543,53,Male,Gujarat,Postpaid,1182.32,18,57.37,12,3,Yes,Debit Card,No
CUST1544,35,Female,Delhi,Prepaid,534.0,51,18.89,14,1,Yes,Debit Card,No
CUST1545,56,Male,Delhi,Postpaid,424.86,12,6.43,3,3,Yes,Credit Card,No
CUST1546,49,Male,Tamil Nadu,Prepaid,741.53,40,60.63,15,9,Yes,UPI,No
CUST1547,41,Male,Tamil Nadu,Postpaid,1193.89,17,76.49,11,6,Yes,UPI,No
CUST1548,40,Female,West Bengal,Prepaid,1444.23,15,52.58,3,8,Yes,Debit Card,No
CUST1549,49,Male,Delhi,Prepaid,1169.01,42,23.06,2,7,No,Net Banking,No
CUST1550,54,Female,West Bengal,Postpaid,1297.29,15,66.82,16,8,Yes,Credit Card,No
CUST1551,29,Female,West Bengal,Prepaid,944.29,15,8.47,17,7,Yes,UPI,No
CUST1552,30,Male,Tamil Nadu,Prepaid,1269.57,55,44.46,17,1,Yes,UPI,Yes
CUST1553,40,Male,Gujarat,Prepaid,1198.19,39,16.75,16,6,Yes,Cash,Yes
CUST1554,42,Male,West Bengal,Postpaid,627.78,13,18.85,11,1,Yes,Debit Card,No
CUST1555,52,Female,Maharashtra,Prepaid,872.79,17,20.63,3,1,Yes,Net Banking,No
CUST1556,58,Male,Gujarat,Prepaid,1226.65,32,38.98,11,3,No,Credit Card,No
CUST1557,47,Male,Delhi,Postpaid,164.48,9,5.59,19,0,Yes,UPI,No
CUST1558,34,Male,Delhi,Postpaid,1231.31,40,40.08,14,4,No,Cash,No
CUST1559,37,Male,West Bengal,Postpaid,349.04,20,51.41,15,5,No,Debit Card,No
CUST1560,42,Male,Gujarat,Prepaid,820.56,26,48.59,4,8,No,Debit Card,No
CUST1561,39,Female,Tamil Nadu,Prepaid,1231.59,27,38.59,14,9,Yes,Credit Card,No
CUST1562,30,Female,Tamil Nadu,Prepaid,455.35,21,84.0,16,7,No,UPI,No
CUST1563,36,Male,Uttar Pradesh,Postpaid,444.13,18,14.96,17,1,Yes,Credit Card,No
CUST1564,53,Male,Delhi,Prepaid,663.87,13,50.82,4,0,Yes,Credit Card,No
CUST1565,29,Male,Karnataka,Prepaid,1352.5,16,6.67,12,1,No,Cash,No
CUST1566,58,Male,Uttar Pradesh,Postpaid,100.62,9,7.58,18,6,Yes,Debit Card,No
CUST1567,36,Female,Tamil Nadu,Postpaid,1361.94,12,57.6,12,3,Yes,Net Banking,Yes
CUST1568,29,Male,Gujarat,Postpaid,315.33,44,56.82,17,9,Yes,Debit Card,No
CUST1569,26,Female,Tamil Nadu,Postpaid,1486.12,38,87.86,13,4,Yes,Debit Card,No
CUST1570,24,Female,Gujarat,Postpaid,1436.79,19,56.01,3,6,Yes,Cash,No
CUST1571,45,Male,Uttar Pradesh,Prepaid,792.55,7,96.0,3,2,Yes,Net Banking,No
CUST1572,31,Female,Delhi,Postpaid,817.81,57,5.35,19,9,No,UPI,No
CUST1573,48,Female,Tamil Nadu,Prepaid,774.17,35,10.25,19,1,No,Net Banking,No
CUST1574,36,Female,West Bengal,Prepaid,989.62,48,4.88,18,6,No,UPI,Yes
CUST1575,64,Female,Gujarat,Postpaid,227.01,18,18.94,12,4,Yes,Net Banking,No
CUST1576,33,Male,Delhi,Postpaid,145.67,16,54.36,11,0,Yes,Credit Card,No
CUST1577,22,Male,Karnataka,Postpaid,180.78,55,64.73,6,0,No,Net Banking,Yes
CUST1578,52,Female,Gujarat,Prepaid,722.11,39,5.04,11,8,No,Cash,No
CUST1579,29,Male,Uttar Pradesh,Postpaid,485.77,4,94.62,3,4,Yes,UPI,No
CUST1580,42,Male,Karnataka,Postpaid,970.86,59,84.3,1,0,Yes,Debit Card,No
CUST1581,38,Male,Karnataka,Postpaid,1489.42,25,30.01,1,6,Yes,Cash,Yes
CUST1582,53,Male,Maharashtra,Postpaid,640.85,32,8.18,4,8,Yes,UPI,No
CUST1583,40,Male,Tamil Nadu,Postpaid,903.38,40,17.4,9,0,Yes,UPI,No
CUST1584,33,Female,Gujarat,Prepaid,681.85,13,13.13,9,9,No,Debit Card,No
CUST1585,56,Male,Karnataka,Prepaid,1286.18,45,12.77,8,3,Yes,Credit Card,No
CUST1586,62,Male,Maharashtra,Prepaid,1363.13,17,52.1,12,2,Yes,Cash,No
CUST1587,59,Male,Uttar Pradesh,Postpaid,1328.3,49,24.96,6,4,Yes,Debit Card,No
CUST1588,56,Male,Delhi,Postpaid,1464.12,37,36.13,4,6,Yes,Debit Card,Yes
CUST1589,31,Female,West Bengal,Postpaid,138.53,6,98.96,9,7,Yes,Credit Card,No
CUST1590,48,Female,West Bengal,Prepaid,1275.74,19,68.59,9,1,Yes,Cash,No
CUST1591,22,Female,Gujarat,Postpaid,1152.48,13,94.92,5,6,Yes,Debit Card,No
CUST1592,52,Female,Karnataka,Postpaid,420.17,57,14.68,18,0,No,Credit Card,No
CUST1593,40,Male,West Bengal,Postpaid,1438.85,26,38.52,7,6,Yes,Cash,No
CUST1594,46,Female,Tamil Nadu,Prepaid,307.45,14,55.7,0,7,Yes,Net Banking,No
CUST1595,60,Male,West Bengal,Postpaid,1051.37,31,8.14,16,1,Yes,UPI,No
CUST1596,28,Male,West Bengal,Prepaid,414.85,54,0.92,6,8,No,Credit Card,No
CUST1597,35,Male,West Bengal,Postpaid,703.93,4,67.21,13,0,Yes,UPI,Yes
CUST1598,64,Male,Maharashtra,Prepaid,1106.82,39,64.36,16,5,No,Net Banking,No
CUST1599,29,Male,Karnataka,Prepaid,888.65,8,41.37,8,0,Yes,Debit Card,No
CUST1600,26,Female,Tamil Nadu,Prepaid,698.5,25,49.22,16,2,No,Debit Card,No
CUST1601,27,Female,Karnataka,Postpaid,556.87,13,41.84,4,5,No,Cash,No
CUST1602,61,Female,Gujarat,Postpaid,1275.52,32,2.89,19,2,Yes,Credit Card,Yes
CUST1603,34,Female,Gujarat,Prepaid,301.34,59,33.87,7,7,Yes,Credit Card,Yes
CUST1604,55,Male,Gujarat,Prepaid,702.14,38,18.12,5,4,Yes,Cash,No
CUST1605,24,Female,Uttar Pradesh,Postpaid,1365.26,38,10.29,10,1,No,UPI,No
CUST1606,63,Male,West Bengal,Postpaid,1284.19,56,95.69,18,3,Yes,Debit Card,No
CUST1607,30,Female,Uttar Pradesh,Prepaid,661.32,28,60.14,3,8,Yes,Debit Card,No
CUST1608,57,Male,Maharashtra,Postpaid,1168.35,53,73.0,17,3,No,Credit Card,No
CUST1609,59,Male,Gujarat,Postpaid,1252.43,30,31.88,0,9,No,Credit Card,Yes
CUST1610,26,Female,Tamil Nadu,Postpaid,1344.44,3,39.62,12,9,Yes,Cash,No
CUST1611,44,Male,Karnataka,Postpaid,862.31,28,24.07,13,7,Yes,Net Banking,No
CUST1612,19,Male,West Bengal,Prepaid,386.25,3,10.15,0,4,Yes,UPI,No
CUST1613,22,Female,Delhi,Postpaid,457.43,45,18.31,10,9,Yes,Net Banking,Yes
CUST1614,46,Male,Tamil Nadu,Postpaid,513.97,54,79.85,16,0,Yes,Net Banking,No
CUST1615,54,Female,West Bengal,Prepaid,931.32,34,67.92,3,6,Yes,Credit Card,No
CUST1616,55,Female,Uttar Pradesh,Prepaid,145.93,16,54.92,11,2,Yes,Credit Card,No
CUST1617,36,Female,Uttar Pradesh,Postpaid,990.46,22,47.77,9,9,No,Credit Card,No
CUST1618,25,Male,Tamil Nadu,Postpaid,610.1,32,92.28,5,7,Yes,Net Banking,No
CUST1619,62,Male,Uttar Pradesh,Postpaid,513.34,38,7.74,0,2,Yes,UPI,Yes
CUST1620,18,Male,Gujarat,Postpaid,1331.3,8,28.42,6,0,Yes,Credit Card,No
CUST1621,39,Female,Maharashtra,Prepaid,744.0,55,35.32,15,4,Yes,Debit Card,No
CUST1622,34,Male,Karnataka,Prepaid,233.07,8,78.35,13,1,Yes,UPI,Yes
CUST1623,24,Female,Maharashtra,Prepaid,1257.45,57,99.26,19,3,Yes,Debit Card,Yes
CUST1624,42,Female,West Bengal,Postpaid,166.7,6,24.45,19,0,No,UPI,Yes
CUST1625,62,Male,Karnataka,Postpaid,1117.45,14,87.49,5,8,Yes,Credit Card,Yes
CUST1626,21,Female,Karnataka,Postpaid,1183.47,32,83.15,4,5,Yes,Cash,No
CUST1627,53,Male,Maharashtra,Postpaid,593.64,35,22.85,17,7,No,Credit Card,No
CUST1628,23,Male,Tamil Nadu,Prepaid,1254.7,10,40.23,14,3,Yes,Net Banking,No
CUST1629,48,Male,Karnataka,Prepaid,821.92,3,41.26,5,8,No,Net Banking,No
CUST1630,36,Male,Maharashtra,Postpaid,748.61,59,97.83,18,1,Yes,UPI,No
CUST1631,61,Male,Karnataka,Prepaid,163.56,12,18.5,0,8,No,Net Banking,No
CUST1632,56,Female,Delhi,Postpaid,506.04,49,80.02,0,4,Yes,Credit Card,Yes
CUST1633,44,Female,Tamil Nadu,Postpaid,1403.41,59,33.75,12,5,No,Debit Card,No
CUST1634,27,Female,Gujarat,Prepaid,648.55,31,73.22,2,2,No,Credit Card,No
CUST1635,43,Male,Karnataka,Postpaid,865.38,29,42.29,9,3,Yes,UPI,Yes
CUST1636,36,Male,Delhi,Postpaid,844.83,5,58.05,2,5,Yes,Net Banking,No
CUST1637,56,Male,Gujarat,Prepaid,926.6,52,83.34,8,6,No,Debit Card,No
CUST1638,20,Female,Gujarat,Postpaid,185.86,25,80.51,7,0,Yes,Cash,No
CUST1639,62,Male,West Bengal,Postpaid,607.05,41,86.71,2,6,Yes,Debit Card,Yes
CUST1640,30,Female,Karnataka,Prepaid,1112.38,31,6.43,12,0,Yes,Debit Card,No
CUST1641,45,Female,Maharashtra,Postpaid,380.78,21,69.36,5,4,No,Credit Card,No
CUST1642,37,Male,Karnataka,Prepaid,385.01,58,14.43,12,5,Yes,Cash,No
CUST1643,45,Male,Delhi,Postpaid,114.13,20,41.87,19,1,Yes,UPI,No
CUST1644,25,Female,Gujarat,Prepaid,712.47,39,55.08,19,9,Yes,UPI,No
CUST1645,58,Male,Karnataka,Prepaid,1335.83,22,40.57,11,8,No,Debit Card,Yes
CUST1646,56,Female,Maharashtra,Prepaid,172.66,4,52.2,12,9,No,Debit Card,No
CUST1647,18,Male,West Bengal,Postpaid,367.57,13,99.65,1,5,No,Net Banking,No
CUST1648,20,Male,Karnataka,Prepaid,534.12,45,13.95,15,6,Yes,Cash,Yes
CUST1649,30,Female,Tamil Nadu,Prepaid,1124.41,42,67.71,5,9,No,Debit Card,Yes
CUST1650,45,Male,West Bengal,Prepaid,996.89,50,39.9,18,7,Yes,Net Banking,No
CUST1651,42,Female,Maharashtra,Prepaid,682.32,49,13.73,12,9,Yes,Cash,No
CUST1652,50,Male,Delhi,Prepaid,1162.7,20,16.29,16,0,Yes,UPI,Yes
CUST1653,55,Female,Gujarat,Postpaid,953.48,52,94.95,8,7,Yes,Net Banking,No
CUST1654,23,Female,Karnataka,Postpaid,1354.46,13,88.02,16,3,No,Cash,No
CUST1655,61,Male,Maharashtra,Postpaid,1245.24,17,90.75,1,9,Yes,Net Banking,No
CUST1656,62,Female,West Bengal,Postpaid,453.94,54,99.16,18,7,Yes,Debit Card,No
CUST1657,49,Male,Tamil Nadu,Postpaid,480.01,36,21.23,18,5,No,Credit Card,No
CUST1658,62,Male,Maharashtra,Postpaid,275.5,33,35.87,6,8,No,UPI,No
CUST1659,64,Male,Uttar Pradesh,Postpaid,571.75,1,67.09,9,3,Yes,Debit Card,No
CUST1660,38,Female,Tamil Nadu,Prepaid,1499.36,15,48.64,9,1,Yes,Debit Card,No
CUST1661,33,Female,West Bengal,Postpaid,668.05,13,42.13,19,1,No,Cash,Yes
CUST1662,38,Male,Delhi,Prepaid,408.68,17,36.1,8,4,Yes,Net Banking,No
CUST1663,28,Male,Gujarat,Prepaid,1167.48,24,59.58,16,9,Yes,UPI,No
CUST1664,54,Female,West Bengal,Postpaid,859.46,58,57.77,14,8,Yes,Debit Card,No
CUST1665,53,Male,Delhi,Prepaid,309.44,8,16.57,1,2,Yes,Cash,No
CUST1666,52,Male,Karnataka,Prepaid,632.97,50,47.44,3,7,No,UPI,No
CUST1667,36,Female,Maharashtra,Prepaid,680.26,27,55.57,18,3,Yes,Net Banking,Yes
CUST1668,37,Male,Uttar Pradesh,Prepaid,1155.36,45,57.24,16,5,Yes,Debit Card,No
CUST1669,35,Female,Tamil Nadu,Postpaid,128.94,23,21.41,4,9,Yes,Debit Card,Yes
CUST1670,64,Male,Tamil Nadu,Postpaid,476.63,46,74.36,6,5,Yes,Debit Card,No
CUST1671,58,Female,Maharashtra,Postpaid,824.63,8,3.01,17,2,Yes,UPI,No
CUST1672,31,Male,Uttar Pradesh,Postpaid,476.39,8,35.81,6,4,Yes,UPI,No
CUST1673,32,Male,Maharashtra,Postpaid,979.81,59,78.13,16,2,Yes,UPI,No
CUST1674,48,Female,Karnataka,Postpaid,774.61,26,56.61,6,0,Yes,UPI,No
CUST1675,18,Male,Delhi,Postpaid,606.39,47,26.49,3,6,Yes,Cash,No
CUST1676,20,Female,West Bengal,Postpaid,1428.89,59,69.65,7,3,Yes,Credit Card,No
CUST1677,33,Male,Tamil Nadu,Postpaid,985.02,13,56.96,12,6,Yes,Cash,No
CUST1678,40,Female,Karnataka,Postpaid,281.92,39,79.73,3,2,Yes,Debit Card,No
CUST1679,28,Female,Delhi,Prepaid,884.13,37,73.64,5,4,No,Cash,Yes
CUST1680,29,Female,Karnataka,Postpaid,1193.02,49,61.21,4,4,Yes,Net Banking,Yes
CUST1681,27,Female,Uttar Pradesh,Prepaid,1091.89,28,49.07,11,1,Yes,UPI,Yes
CUST1682,49,Male,Tamil Nadu,Prepaid,340.92,25,13.75,3,9,Yes,Net Banking,Yes
CUST1683,33,Male,West Bengal,Prepaid,1461.39,16,26.5,8,1,No,Net Banking,No
CUST1684,25,Female,Maharashtra,Prepaid,728.34,55,42.2,3,3,Yes,Debit Card,No
CUST1685,55,Female,Maharashtra,Postpaid,322.64,2,60.13,18,3,No,UPI,No
CUST1686,29,Female,Delhi,Prepaid,352.27,54,51.61,13,3,Yes,Net Banking,Yes
CUST1687,41,Male,West Bengal,Postpaid,237.53,18,29.17,4,5,No,Debit Card,No
CUST1688,45,Male,Gujarat,Postpaid,1224.93,17,1.14,17,1,No,UPI,No
CUST1689,25,Male,Uttar Pradesh,Prepaid,270.84,30,49.88,9,5,Yes,Credit Card,Yes
CUST1690,45,Male,Delhi,Postpaid,275.18,39,28.92,18,6,Yes,Debit Card,No
CUST1691,53,Female,Gujarat,Prepaid,1290.66,13,73.59,11,9,Yes,Cash,No
CUST1692,43,Female,Karnataka,Prepaid,582.45,32,2.88,17,2,Yes,UPI,No
CUST1693,25,Female,Uttar Pradesh,Postpaid,143.2,50,58.69,16,7,Yes,Net Banking,No
CUST1694,45,Male,Karnataka,Postpaid,172.65,29,94.18,10,1,Yes,Net Banking,No
CUST1695,45,Male,West Bengal,Prepaid,299.04,46,17.85,2,7,Yes,Cash,Yes
CUST1696,54,Male,Tamil Nadu,Postpaid,398.75,30,47.43,16,4,Yes,Cash,No
CUST1697,58,Female,Uttar Pradesh,Postpaid,1031.2,18,9.6,0,1,Yes,Net Banking,No
CUST1698,53,Female,Gujarat,Postpaid,320.26,13,62.76,14,6,Yes,UPI,No
CUST1699,44,Male,Tamil Nadu,Prepaid,266.42,43,55.28,8,1,Yes,Debit Card,No
CUST1700,34,Female,Maharashtra,Prepaid,1170.61,21,41.03,14,5,No,Cash,No
CUST1701,26,Male,Gujarat,Postpaid,1039.48,30,52.38,2,9,Yes,Cash,No
CUST1702,50,Male,Delhi,Postpaid,709.45,21,89.71,18,2,No,Cash,No
CUST1703,37,Female,Maharashtra,Postpaid,869.03,48,20.03,12,8,Yes,Credit Card,No
CUST1704,30,Male,Maharashtra,Postpaid,536.78,55,2.75,11,2,Yes,UPI,No
CUST1705,45,Female,Delhi,Postpaid,775.5,17,86.24,19,2,Yes,UPI,No
CUST1706,46,Male,Uttar Pradesh,Prepaid,809.34,40,57.92,0,4,Yes,UPI,No
CUST1707,30,Female,Maharashtra,Postpaid,642.13,19,89.12,16,6,No,UPI,No
CUST1708,63,Female,West Bengal,Prepaid,1369.2,52,59.9,12,7,Yes,UPI,No
CUST1709,52,Female,Gujarat,Postpaid,122.49,15,81.11,0,6,Yes,Net Banking,Yes
CUST1710,23,Male,Tamil Nadu,Prepaid,1195.04,9,43.25,9,8,No,Cash,No
CUST1711,35,Male,Maharashtra,Postpaid,274.14,52,75.11,14,4,Yes,Net Banking,No
CUST1712,22,Female,Gujarat,Prepaid,1216.57,10,91.35,6,9,No,Credit Card,Yes
CUST1713,64,Female,Karnataka,Postpaid,962.28,44,57.43,17,2,No,Debit Card,No
CUST1714,42,Male,Gujarat,Prepaid,1280.59,31,18.49,15,5,Yes,Cash,No
CUST1715,19,Male,Tamil Nadu,Prepaid,236.52,53,27.25,13,4,Yes,Credit Card,Yes
CUST1716,27,Male,Gujarat,Prepaid,882.57,23,20.27,17,3,Yes,Net Banking,No
CUST1717,47,Female,Delhi,Prepaid,801.52,52,25.06,6,1,Yes,Debit Card,No
CUST1718,62,Male,Tamil Nadu,Prepaid,1088.67,30,30.99,16,6,Yes,Credit Card,No
CUST1719,22,Male,Uttar Pradesh,Prepaid,848.01,33,55.74,17,4,No,Debit Card,No
CUST1720,50,Female,Karnataka,Postpaid,857.03,57,59.01,11,3,No,Credit Card,No
CUST1721,18,Male,Delhi,Prepaid,701.43,52,42.94,7,7,Yes,Net Banking,No
CUST1722,35,Male,Uttar Pradesh,Postpaid,532.37,9,61.73,1,8,Yes,Debit Card,Yes
CUST1723,49,Male,Gujarat,Postpaid,775.17,54,8.62,6,8,Yes,Credit Card,Yes
CUST1724,64,Female,Tamil Nadu,Postpaid,265.89,47,9.23,3,2,Yes,Net Banking,No
CUST1725,28,Female,Karnataka,Postpaid,1446.12,1,17.6,17,2,No,Cash,No
CUST1726,38,Female,Delhi,Postpaid,1100.18,44,52.05,5,4,Yes,Net Banking,Yes
CUST1727,43,Female,Uttar Pradesh,Prepaid,1433.45,35,21.79,8,4,Yes,Net Banking,No
CUST1728,42,Female,Uttar Pradesh,Prepaid,417.42,11,28.69,8,9,Yes,Cash,Yes
CUST1729,39,Female,Karnataka,Prepaid,1331.08,34,40.33,13,1,No,Net Banking,No
CUST1730,44,Female,West Bengal,Postpaid,1232.31,16,81.28,7,0,Yes,Cash,No
CUST1731,30,Male,Gujarat,Prepaid,1048.01,9,1.88,18,7,No,Cash,No
CUST1732,50,Male,Karnataka,Prepaid,975.04,32,65.11,2,2,Yes,Cash,No
CUST1733,51,Female,Uttar Pradesh,Prepaid,543.17,15,67.05,17,0,No,Credit Card,Yes
CUST1734,58,Male,Maharashtra,Prepaid,1242.98,12,79.97,4,0,Yes,Debit Card,No
CUST1735,52,Male,Delhi,Prepaid,802.12,33,93.31,13,1,Yes,Credit Card,No
CUST1736,18,Female,Karnataka,Postpaid,199.25,45,2.5,3,5,No,Cash,No
CUST1737,38,Male,West Bengal,Prepaid,538.01,14,15.8,6,5,Yes,Debit Card,Yes
CUST1738,23,Male,Uttar Pradesh,Postpaid,1409.42,57,88.67,19,2,Yes,Debit Card,No
CUST1739,45,Male,Gujarat,Postpaid,1290.95,57,46.12,11,3,Yes,Cash,Yes
CUST1740,34,Male,Uttar Pradesh,Postpaid,1474.67,8,56.68,1,1,No,Debit Card,No
CUST1741,22,Male,Gujarat,Postpaid,979.19,8,66.47,10,1,No,Debit Card,No
CUST1742,48,Female,Karnataka,Postpaid,446.51,27,68.07,13,6,Yes,Credit Card,No
CUST1743,22,Female,Gujarat,Prepaid,327.94,12,93.21,15,0,Yes,Debit Card,No
CUST1744,55,Female,Tamil Nadu,Prepaid,361.68,1,99.7,19,6,No,Cash,Yes
CUST1745,20,Male,Tamil Nadu,Prepaid,127.71,43,72.16,5,0,Yes,UPI,Yes
CUST1746,40,Female,Tamil Nadu,Postpaid,646.95,40,29.08,3,5,No,UPI,No
CUST1747,54,Male,West Bengal,Prepaid,368.0,42,88.04,14,2,Yes,UPI,Yes
CUST1748,54,Male,West Bengal,Prepaid,676.32,51,5.4,0,7,No,Cash,Yes
CUST1749,27,Male,Maharashtra,Postpaid,1408.99,11,23.49,6,5,No,UPI,No
CUST1750,27,Male,West Bengal,Postpaid,702.76,39,89.79,11,1,No,Credit Card,Yes
CUST1751,36,Female,Karnataka,Postpaid,1329.18,43,25.99,9,7,Yes,Cash,No
CUST1752,34,Female,Uttar Pradesh,Postpaid,947.71,31,22.45,4,4,Yes,Cash,Yes
CUST1753,38,Male,Uttar Pradesh,Prepaid,445.98,17,14.24,11,7,Yes,Cash,No
CUST1754,31,Female,Maharashtra,Postpaid,598.2,33,85.98,17,7,Yes,Debit Card,No
CUST1755,26,Male,West Bengal,Postpaid,217.49,32,50.26,9,5,Yes,Debit Card,No
CUST1756,63,Female,Gujarat,Prepaid,566.85,58,67.65,5,1,Yes,Debit Card,Yes
CUST1757,18,Female,Maharashtra,Prepaid,1048.56,29,24.29,11,7,No,Net Banking,No
CUST1758,62,Male,Gujarat,Postpaid,200.96,21,75.93,6,5,Yes,Credit Card,No
CUST1759,30,Female,Gujarat,Prepaid,387.56,21,76.12,17,5,Yes,Cash,No
CUST1760,21,Male,Delhi,Postpaid,634.02,40,31.6,1,7,Yes,Cash,No
CUST1761,18,Female,Uttar Pradesh,Postpaid,1474.87,23,41.36,9,0,Yes,Debit Card,No
CUST1762,57,Male,Tamil Nadu,Prepaid,1198.81,56,21.36,14,1,Yes,Cash,Yes
CUST1763,49,Male,West Bengal,Prepaid,1126.88,6,97.67,11,8,Yes,Cash,No
CUST1764,51,Female,Gujarat,Postpaid,262.67,22,64.74,16,7,No,UPI,No
CUST1765,45,Female,Delhi,Postpaid,1193.39,50,93.49,3,6,Yes,Cash,No
CUST1766,48,Male,Uttar Pradesh,Postpaid,1199.38,38,30.69,6,6,Yes,Net Banking,Yes
CUST1767,25,Female,Tamil Nadu,Prepaid,941.54,37,78.3,8,4,Yes,Debit Card,No
CUST1768,56,Female,Gujarat,Postpaid,1486.51,45,76.7,18,1,No,Credit Card,No
CUST1769,43,Male,Gujarat,Postpaid,555.36,51,69.32,6,5,Yes,Credit Card,Yes
CUST1770,51,Male,Maharashtra,Postpaid,1417.78,54,96.58,1,9,No,UPI,No
CUST1771,20,Female,Maharashtra,Postpaid,1380.62,8,39.66,5,2,Yes,Credit Card,Yes
CUST1772,29,Male,Uttar Pradesh,Postpaid,116.07,41,13.51,17,3,No,Credit Card,No
CUST1773,18,Male,Tamil Nadu,Prepaid,730.16,49,67.34,5,9,Yes,Debit Card,Yes
CUST1774,61,Male,Gujarat,Postpaid,1467.95,35,73.07,12,1,Yes,Debit Card,No
CUST1775,22,Female,Uttar Pradesh,Postpaid,244.37,51,57.72,18,1,Yes,Net Banking,No
CUST1776,47,Female,Uttar Pradesh,Postpaid,866.9,11,21.08,1,7,Yes,UPI,No
CUST1777,47,Male,Karnataka,Postpaid,1470.54,24,50.69,11,7,Yes,Credit Card,No
CUST1778,34,Female,West Bengal,Prepaid,877.69,49,31.56,14,9,No,Net Banking,Yes
CUST1779,64,Male,Maharashtra,Prepaid,365.74,21,43.03,13,5,Yes,UPI,No
CUST1780,40,Female,Tamil Nadu,Prepaid,915.06,51,64.7,5,4,No,Credit Card,No
CUST1781,32,Male,Gujarat,Postpaid,386.22,2,74.65,17,7,No,Credit Card,No
CUST1782,54,Male,Uttar Pradesh,Postpaid,827.59,40,23.61,4,3,Yes,Debit Card,No
CUST1783,38,Female,Gujarat,Prepaid,203.66,19,40.83,17,3,No,Cash,No
CUST1784,31,Male,Karnataka,Prepaid,947.68,39,27.28,2,4,Yes,UPI,No
CUST1785,19,Female,Tamil Nadu,Prepaid,823.51,28,20.26,2,0,Yes,Credit Card,No
CUST1786,28,Female,Uttar Pradesh,Postpaid,1136.23,59,78.45,9,0,No,UPI,No
CUST1787,56,Male,Gujarat,Postpaid,982.98,17,90.97,18,1,Yes,Net Banking,No
CUST1788,55,Male,Maharashtra,Prepaid,869.45,6,37.34,2,7,Yes,Net Banking,Yes
CUST1789,51,Female,West Bengal,Prepaid,1065.69,19,75.25,11,6,Yes,Cash,No
CUST1790,55,Male,Karnataka,Prepaid,301.52,56,89.75,15,9,Yes,Credit Card,No
CUST1791,51,Male,Tamil Nadu,Postpaid,933.5,38,84.69,16,8,No,Debit Card,No
CUST1792,35,Male,Karnataka,Postpaid,340.95,28,18.69,6,4,Yes,Credit Card,Yes
CUST1793,47,Male,Maharashtra,Postpaid,1395.73,2,95.65,12,1,Yes,UPI,No
CUST1794,32,Male,Tamil Nadu,Prepaid,195.67,38,37.98,1,6,Yes,Net Banking,No
CUST1795,44,Female,Karnataka,Prepaid,702.52,55,34.25,3,7,Yes,UPI,No
CUST1796,51,Female,Delhi,Postpaid,1074.12,37,6.71,9,6,Yes,Cash,No
CUST1797,55,Male,Maharashtra,Prepaid,741.23,51,48.87,6,6,Yes,Net Banking,Yes
CUST1798,50,Male,Maharashtra,Postpaid,228.93,52,11.35,16,4,Yes,Debit Card,No
CUST1799,41,Male,Maharashtra,Prepaid,874.73,4,25.23,19,1,Yes,Net Banking,No
CUST1800,32,Female,Delhi,Prepaid,998.28,22,32.04,5,5,No,Credit Card,No
CUST1801,47,Male,Delhi,Prepaid,1085.31,26,80.98,18,3,Yes,Credit Card,No
CUST1802,59,Female,Gujarat,Prepaid,622.56,49,87.61,4,9,No,Net Banking,No
CUST1803,34,Female,Uttar Pradesh,Postpaid,889.12,43,30.6,9,1,No,Cash,No
CUST1804,22,Female,West Bengal,Prepaid,730.96,36,85.94,8,8,No,Credit Card,Yes
CUST1805,46,Male,Karnataka,Postpaid,1040.88,58,85.79,12,6,No,Credit Card,No
CUST1806,21,Female,Gujarat,Postpaid,916.98,13,76.58,18,5,Yes,Debit Card,No
CUST1807,27,Male,Karnataka,Postpaid,836.06,52,15.1,5,4,Yes,Net Banking,No
CUST1808,34,Female,West Bengal,Prepaid,449.33,58,69.19,3,2,Yes,Credit Card,No
CUST1809,27,Male,Uttar Pradesh,Postpaid,102.83,32,94.53,2,9,Yes,Cash,No
CUST1810,34,Female,Delhi,Postpaid,343.71,17,68.41,2,9,No,UPI,No
CUST1811,37,Male,Uttar Pradesh,Postpaid,263.89,41,33.5,3,3,Yes,Net Banking,Yes
CUST1812,41,Female,Delhi,Prepaid,728.72,36,50.31,4,2,No,Debit Card,No
CUST1813,22,Male,West Bengal,Prepaid,957.16,55,64.75,7,7,Yes,Credit Card,No
CUST1814,51,Male,Uttar Pradesh,Postpaid,398.32,46,51.3,15,2,No,Cash,No
CUST1815,23,Male,Gujarat,Prepaid,1414.68,19,12.44,2,6,Yes,Net Banking,No
CUST1816,19,Male,Tamil Nadu,Postpaid,109.35,58,31.55,11,6,Yes,Cash,No
CUST1817,30,Female,Gujarat,Postpaid,1181.22,35,80.34,7,6,Yes,Cash,No
CUST1818,60,Female,Karnataka,Prepaid,975.29,46,86.21,12,6,No,Debit Card,No
CUST1819,60,Male,Gujarat,Postpaid,622.98,40,14.16,3,1,Yes,Net Banking,No
CUST1820,28,Female,West Bengal,Prepaid,170.68,56,95.26,13,9,No,Credit Card,No
CUST1821,64,Male,Maharashtra,Prepaid,978.48,59,33.22,13,2,No,Debit Card,No
CUST1822,40,Male,Karnataka,Postpaid,639.86,28,66.4,12,9,No,Credit Card,No
CUST1823,33,Female,Uttar Pradesh,Prepaid,1410.77,1,75.31,5,8,Yes,UPI,No
CUST1824,48,Male,Karnataka,Prepaid,858.79,42,81.29,16,2,No,Cash,No
CUST1825,28,Male,Tamil Nadu,Postpaid,1415.51,18,94.6,3,1,No,UPI,No
CUST1826,33,Female,Delhi,Postpaid,408.68,48,31.64,7,8,Yes,Cash,No
CUST1827,25,Male,Uttar Pradesh,Prepaid,1116.02,40,85.92,16,9,Yes,Debit Card,No
CUST1828,21,Male,Karnataka,Prepaid,964.15,33,13.6,2,8,Yes,Credit Card,No
CUST1829,57,Male,Uttar Pradesh,Postpaid,1135.17,12,70.65,16,3,Yes,Credit Card,No
CUST1830,21,Male,Uttar Pradesh,Prepaid,400.54,8,74.33,8,8,Yes,Debit Card,No
CUST1831,42,Female,Uttar Pradesh,Prepaid,1030.99,24,67.93,1,2,No,Net Banking,Yes
CUST1832,20,Female,Delhi,Prepaid,797.26,16,25.61,12,6,Yes,UPI,No
CUST1833,49,Female,West Bengal,Prepaid,1139.95,50,87.37,19,6,Yes,UPI,No
CUST1834,20,Male,Gujarat,Prepaid,557.86,4,17.3,1,7,No,Credit Card,No
CUST1835,44,Male,Uttar Pradesh,Prepaid,1346.08,38,5.84,19,9,Yes,Credit Card,No
CUST1836,46,Female,Maharashtra,Prepaid,218.02,44,71.89,10,3,No,Credit Card,Yes
CUST1837,49,Male,West Bengal,Postpaid,1230.07,27,47.81,14,2,Yes,Debit Card,Yes
CUST1838,36,Male,Tamil Nadu,Postpaid,1305.85,9,84.99,10,2,Yes,Net Banking,No
CUST1839,38,Male,Delhi,Postpaid,1244.15,47,38.65,2,4,Yes,UPI,No
CUST1840,22,Male,Karnataka,Postpaid,817.82,16,17.24,2,0,Yes,Cash,No
CUST1841,35,Female,Delhi,Postpaid,713.74,56,83.73,11,9,Yes,Debit Card,No
CUST1842,45,Female,Karnataka,Prepaid,1494.77,12,55.12,4,2,No,UPI,No
CUST1843,59,Female,Delhi,Prepaid,420.84,31,19.32,19,5,Yes,Net Banking,No
CUST1844,39,Male,Karnataka,Prepaid,865.63,24,72.18,6,2,No,Debit Card,Yes
CUST1845,38,Female,Uttar Pradesh,Prepaid,1038.95,55,51.36,6,4,Yes,UPI,Yes
CUST1846,23,Female,Gujarat,Postpaid,1081.21,14,60.63,12,8,Yes,Debit Card,No
CUST1847,18,Male,Karnataka,Prepaid,385.63,45,46.36,8,1,Yes,UPI,No
CUST1848,22,Male,Karnataka,Prepaid,1015.59,25,82.96,12,1,Yes,UPI,No
CUST1849,58,Female,Maharashtra,Postpaid,1245.72,34,83.04,11,5,No,Net Banking,No
CUST1850,29,Female,Karnataka,Prepaid,170.03,3,71.08,12,5,No,Cash,No
CUST1851,43,Female,Maharashtra,Prepaid,1376.13,58,10.99,9,7,No,Net Banking,Yes
CUST1852,63,Female,Tamil Nadu,Postpaid,141.31,24,83.97,0,1,Yes,UPI,No
CUST1853,51,Male,Uttar Pradesh,Prepaid,598.36,54,67.27,7,8,Yes,Debit Card,No
CUST1854,31,Female,Maharashtra,Prepaid,122.14,42,69.85,15,1,Yes,Net Banking,No
CUST1855,43,Female,Gujarat,Prepaid,208.0,9,36.62,12,0,No,Cash,No
CUST1856,62,Male,West Bengal,Prepaid,1375.64,26,87.99,2,9,Yes,UPI,No
CUST1857,44,Female,Uttar Pradesh,Prepaid,596.81,20,72.67,2,1,Yes,Net Banking,No
CUST1858,26,Male,Maharashtra,Postpaid,694.68,40,11.7,4,6,Yes,Net Banking,Yes
CUST1859,43,Male,Uttar Pradesh,Postpaid,401.48,10,41.07,10,7,Yes,Net Banking,No
CUST1860,64,Male,Uttar Pradesh,Postpaid,935.93,19,88.69,6,4,Yes,Net Banking,Yes
CUST1861,39,Female,Uttar Pradesh,Postpaid,932.72,3,5.2,9,5,Yes,Debit Card,No
CUST1862,64,Female,Tamil Nadu,Postpaid,621.08,24,96.16,9,0,No,Cash,No
CUST1863,47,Male,Gujarat,Postpaid,566.25,5,68.08,19,5,No,Cash,No
CUST1864,60,Female,Delhi,Prepaid,1338.95,3,63.32,1,7,Yes,UPI,No
CUST1865,34,Female,Delhi,Postpaid,636.6,58,27.42,2,2,Yes,Credit Card,Yes
CUST1866,43,Male,Maharashtra,Postpaid,790.9,27,25.25,7,0,Yes,Debit Card,Yes
CUST1867,53,Male,Uttar Pradesh,Prepaid,496.63,16,94.23,10,3,No,UPI,No
CUST1868,18,Female,Maharashtra,Prepaid,1201.48,49,30.18,12,0,No,UPI,No
CUST1869,25,Male,Tamil Nadu,Postpaid,656.43,15,77.66,6,7,No,Net Banking,No
CUST1870,52,Female,Tamil Nadu,Prepaid,819.06,35,39.62,12,4,No,Credit Card,Yes
CUST1871,32,Female,Karnataka,Postpaid,454.7,12,14.36,1,0,Yes,Credit Card,No
CUST1872,64,Female,Tamil Nadu,Prepaid,1482.72,41,1.57,5,7,No,Debit Card,No
CUST1873,39,Female,Karnataka,Postpaid,508.09,53,54.65,8,8,Yes,Credit Card,No
CUST1874,31,Male,Gujarat,Prepaid,1179.04,44,97.59,19,9,Yes,UPI,No
CUST1875,43,Male,Maharashtra,Prepaid,698.49,26,37.23,1,1,No,Credit Card,No
CUST1876,45,Male,West Bengal,Postpaid,388.7,47,36.04,17,8,Yes,Credit Card,No
CUST1877,40,Male,Gujarat,Postpaid,1219.61,34,34.74,15,7,Yes,Cash,Yes
CUST1878,31,Female,Tamil Nadu,Postpaid,567.05,23,52.29,11,6,Yes,UPI,No
CUST1879,41,Female,Gujarat,Postpaid,1311.27,31,44.35,6,2,Yes,Credit Card,No
CUST1880,19,Male,Gujarat,Postpaid,1381.36,50,88.05,6,1,No,Credit Card,No
CUST1881,62,Female,Gujarat,Prepaid,1303.75,20,50.8,16,6,Yes,Net Banking,No
CUST1882,43,Female,Tamil Nadu,Postpaid,149.01,12,51.02,12,4,Yes,Credit Card,No
CUST1883,31,Female,West Bengal,Postpaid,1202.32,23,14.27,10,5,Yes,Credit Card,No
CUST1884,24,Male,Uttar Pradesh,Prepaid,675.88,4,98.28,5,3,Yes,Cash,No
CUST1885,20,Male,Gujarat,Prepaid,1323.21,23,25.37,13,1,Yes,UPI,No
CUST1886,64,Male,Karnataka,Postpaid,993.14,48,7.8,5,8,Yes,Debit Card,No
CUST1887,40,Female,Tamil Nadu,Prepaid,1267.1,55,66.48,5,2,Yes,UPI,No
CUST1888,63,Male,Gujarat,Prepaid,799.2,48,59.74,1,6,No,Net Banking,Yes
CUST1889,60,Male,West Bengal,Postpaid,849.04,1,41.81,19,7,No,UPI,No
CUST1890,64,Male,Uttar Pradesh,Prepaid,302.14,54,42.51,14,1,Yes,Credit Card,No
CUST1891,62,Male,Tamil Nadu,Prepaid,1197.58,25,78.61,16,5,Yes,Net Banking,No
CUST1892,35,Male,Delhi,Postpaid,687.15,2,19.97,7,7,Yes,UPI,No
CUST1893,55,Male,Uttar Pradesh,Postpaid,800.11,30,82.12,4,6,No,Net Banking,No
CUST1894,52,Female,Karnataka,Prepaid,1199.14,3,65.05,16,2,Yes,Debit Card,No
CUST1895,32,Female,Gujarat,Prepaid,938.38,58,42.19,19,0,No,UPI,No
CUST1896,42,Male,West Bengal,Postpaid,381.54,21,46.07,0,5,No,Credit Card,No
CUST1897,54,Male,Delhi,Prepaid,926.33,25,26.04,17,7,No,Net Banking,No
CUST1898,45,Female,West Bengal,Prepaid,670.69,20,75.34,14,5,No,Cash,No
CUST1899,27,Female,Delhi,Prepaid,757.34,49,51.53,4,4,Yes,Net Banking,No
CUST1900,56,Male,Tamil Nadu,Postpaid,139.64,52,32.43,6,7,Yes,Cash,No
CUST1901,34,Male,Delhi,Prepaid,394.04,22,59.81,17,1,No,Credit Card,Yes
CUST1902,56,Male,Karnataka,Prepaid,493.45,21,99.58,5,0,Yes,Debit Card,No
CUST1903,39,Male,Karnataka,Postpaid,1098.14,33,43.81,4,0,Yes,Cash,No
CUST1904,43,Female,Maharashtra,Prepaid,116.09,52,92.11,18,3,Yes,Debit Card,No
CUST1905,61,Male,Karnataka,Prepaid,672.29,38,34.83,9,5,Yes,Net Banking,No
CUST1906,42,Male,Uttar Pradesh,Postpaid,1393.64,15,5.95,14,8,No,Credit Card,No
CUST1907,34,Male,Delhi,Postpaid,256.63,58,20.82,9,0,Yes,Cash,No
CUST1908,30,Male,Karnataka,Postpaid,822.99,58,42.16,15,0,Yes,Net Banking,No
CUST1909,37,Female,Tamil Nadu,Postpaid,1201.13,46,22.35,11,4,No,UPI,Yes
CUST1910,42,Female,West Bengal,Prepaid,1419.54,52,0.52,17,9,No,Net Banking,No
CUST1911,21,Female,West Bengal,Prepaid,1145.49,15,91.54,0,4,Yes,Debit Card,No
CUST1912,27,Male,Maharashtra,Postpaid,1108.79,46,84.47,15,4,Yes,Credit Card,No
CUST1913,20,Male,West Bengal,Postpaid,1257.08,25,74.36,5,9,Yes,Credit Card,No
CUST1914,58,Female,Delhi,Prepaid,724.68,21,17.2,2,5,Yes,Net Banking,Yes
CUST1915,62,Male,Maharashtra,Postpaid,1228.18,24,12.48,1,7,Yes,UPI,No
CUST1916,35,Male,Delhi,Prepaid,111.15,57,7.23,1,2,Yes,Debit Card,No
CUST1917,64,Female,Tamil Nadu,Postpaid,1394.39,58,72.54,12,8,No,Net Banking,No
CUST1918,53,Female,Maharashtra,Prepaid,720.63,5,92.92,8,0,Yes,Net Banking,No
CUST1919,64,Female,Gujarat,Postpaid,874.73,6,43.34,15,3,Yes,Credit Card,No
CUST1920,39,Female,Uttar Pradesh,Postpaid,456.84,49,12.35,4,8,Yes,Debit Card,No
CUST1921,51,Male,Uttar Pradesh,Prepaid,1139.54,43,51.48,6,7,Yes,UPI,No
CUST1922,64,Male,Delhi,Postpaid,207.29,48,35.21,12,9,No,Credit Card,No
CUST1923,25,Female,West Bengal,Prepaid,1321.69,44,37.8,19,8,Yes,Net Banking,No
CUST1924,57,Male,Gujarat,Prepaid,1259.36,47,62.32,12,0,Yes,Credit Card,No
CUST1925,61,Female,Maharashtra,Prepaid,402.48,23,72.01,6,8,Yes,Credit Card,Yes
CUST1926,36,Female,Gujarat,Prepaid,1233.05,4,11.51,9,2,No,Cash,No
CUST1927,59,Male,Gujarat,Prepaid,1200.9,27,4.04,14,9,Yes,Credit Card,Yes
CUST1928,58,Female,West Bengal,Postpaid,985.1,18,99.44,5,8,Yes,Credit Card,Yes
CUST1929,54,Male,Maharashtra,Postpaid,622.93,21,23.66,4,0,Yes,Debit Card,No
CUST1930,23,Male,Tamil Nadu,Prepaid,480.1,28,5.86,1,0,No,Credit Card,No
CUST1931,43,Male,West Bengal,Postpaid,424.5,35,19.39,14,8,Yes,UPI,Yes
CUST1932,51,Male,Gujarat,Prepaid,546.05,22,4.38,15,5,Yes,Net Banking,No
CUST1933,62,Female,Gujarat,Postpaid,1364.98,40,39.49,18,3,Yes,Debit Card,No
CUST1934,23,Male,Tamil Nadu,Postpaid,208.7,23,80.34,8,6,Yes,Credit Card,No
CUST1935,54,Female,Gujarat,Postpaid,1260.42,3,34.45,18,4,No,UPI,No
CUST1936,50,Female,Gujarat,Postpaid,588.45,40,44.7,6,9,No,Net Banking,No
CUST1937,39,Female,Gujarat,Prepaid,830.24,50,67.72,3,6,Yes,Debit Card,No
CUST1938,38,Female,Uttar Pradesh,Prepaid,1212.28,10,51.13,2,7,Yes,UPI,Yes
CUST1939,23,Male,West Bengal,Postpaid,1338.13,25,86.21,19,7,Yes,Credit Card,Yes
CUST1940,23,Male,Karnataka,Postpaid,582.69,52,86.67,10,0,Yes,Cash,Yes
CUST1941,21,Female,West Bengal,Prepaid,746.58,49,1.49,0,7,Yes,Cash,No
CUST1942,47,Female,Tamil Nadu,Postpaid,680.32,8,77.92,5,5,Yes,Debit Card,No
CUST1943,28,Male,Gujarat,Prepaid,118.55,55,46.34,10,3,Yes,UPI,No
CUST1944,47,Female,West Bengal,Prepaid,514.32,11,98.89,0,7,Yes,Net Banking,No
CUST1945,48,Male,Uttar Pradesh,Prepaid,742.86,5,48.58,6,2,No,UPI,No
CUST1946,41,Female,Tamil Nadu,Postpaid,675.53,58,98.7,5,3,No,Cash,No
CUST1947,26,Male,Delhi,Prepaid,1110.7,45,75.58,13,5,No,Debit Card,No
CUST1948,20,Female,West Bengal,Postpaid,638.73,53,25.24,1,6,Yes,Credit Card,No
CUST1949,48,Female,Delhi,Prepaid,785.13,55,54.07,3,3,No,UPI,No
CUST1950,57,Male,Gujarat,Postpaid,701.45,37,99.22,10,3,Yes,Cash,Yes
CUST1951,54,Female,Uttar Pradesh,Postpaid,1136.88,56,85.82,14,6,Yes,Net Banking,No
CUST1952,53,Female,Uttar Pradesh,Postpaid,1308.16,59,10.19,17,5,No,Debit Card,No
CUST1953,41,Male,West Bengal,Prepaid,844.64,45,70.78,0,7,Yes,Credit Card,No
CUST1954,48,Female,Tamil Nadu,Prepaid,1205.21,38,34.89,2,0,Yes,UPI,No
CUST1955,23,Male,Tamil Nadu,Postpaid,515.5,29,1.19,2,9,Yes,Net Banking,No
CUST1956,19,Male,Uttar Pradesh,Postpaid,857.92,5,40.65,6,6,Yes,Credit Card,No
CUST1957,37,Female,Tamil Nadu,Postpaid,583.32,9,23.86,0,6,Yes,Cash,No
CUST1958,45,Female,Uttar Pradesh,Prepaid,679.88,59,81.98,10,6,Yes,Cash,No
CUST1959,28,Female,West Bengal,Prepaid,1125.38,48,34.06,5,6,No,Net Banking,No
CUST1960,21,Female,Karnataka,Prepaid,1334.33,2,82.84,19,9,Yes,Cash,No
CUST1961,32,Female,Uttar Pradesh,Prepaid,270.09,1,0.56,2,9,Yes,Debit Card,No
CUST1962,23,Female,Delhi,Postpaid,988.49,40,31.13,18,7,Yes,Net Banking,No
CUST1963,47,Female,Tamil Nadu,Postpaid,915.0,51,24.5,1,8,Yes,Cash,No
CUST1964,55,Male,Uttar Pradesh,Prepaid,265.78,30,23.74,17,8,No,UPI,No
CUST1965,19,Female,Uttar Pradesh,Prepaid,396.65,11,7.28,11,1,Yes,Cash,No
CUST1966,32,Male,West Bengal,Postpaid,535.4,28,19.12,9,6,Yes,Debit Card,No
CUST1967,28,Female,Tamil Nadu,Prepaid,333.7,44,55.78,4,6,Yes,Credit Card,No
CUST1968,25,Female,Karnataka,Prepaid,441.22,12,29.49,8,3,No,Credit Card,No
CUST1969,43,Male,West Bengal,Prepaid,474.64,39,42.03,1,8,No,Cash,No
CUST1970,62,Female,Karnataka,Prepaid,569.94,26,38.0,1,7,Yes,Credit Card,No
CUST1971,61,Female,West Bengal,Prepaid,1149.15,13,87.65,5,0,Yes,Cash,No
CUST1972,22,Male,Tamil Nadu,Prepaid,900.68,59,90.58,9,1,Yes,Debit Card,No
CUST1973,23,Female,Maharashtra,Postpaid,1480.75,8,49.55,17,1,Yes,Credit Card,No
CUST1974,43,Female,Tamil Nadu,Prepaid,680.63,54,33.35,11,7,Yes,UPI,No
CUST1975,21,Female,Tamil Nadu,Prepaid,1155.41,28,11.13,3,0,No,Cash,No
CUST1976,36,Male,Karnataka,Postpaid,1320.06,58,95.36,16,3,Yes,Credit Card,No
CUST1977,37,Female,Karnataka,Postpaid,1050.57,30,6.49,14,9,No,Debit Card,No
CUST1978,50,Female,Tamil Nadu,Postpaid,676.61,9,30.12,5,4,Yes,Debit Card,No
CUST1979,37,Female,Tamil Nadu,Prepaid,1155.03,39,30.16,15,8,Yes,UPI,Yes
CUST1980,29,Female,Tamil Nadu,Postpaid,385.13,31,32.38,16,6,Yes,Debit Card,Yes
CUST1981,64,Male,Karnataka,Prepaid,558.57,58,16.85,2,7,Yes,Debit Card,No
CUST1982,18,Male,Tamil Nadu,Prepaid,865.36,21,78.42,9,8,Yes,Credit Card,No
CUST1983,43,Female,Tamil Nadu,Prepaid,905.57,56,12.69,4,6,Yes,Cash,No
CUST1984,31,Female,Gujarat,Postpaid,131.0,47,63.67,13,4,Yes,Net Banking,Yes
CUST1985,55,Male,Maharashtra,Postpaid,1423.16,34,12.82,12,4,Yes,Debit Card,No
CUST1986,54,Male,Delhi,Postpaid,1075.28,55,7.52,5,9,Yes,Debit Card,No
CUST1987,28,Female,Maharashtra,Postpaid,793.99,31,90.99,11,5,Yes,Net Banking,Yes
CUST1988,53,Male,Gujarat,Postpaid,1406.38,52,19.42,7,4,Yes,Debit Card,No
CUST1989,30,Female,Delhi,Prepaid,714.73,25,82.21,4,8,Yes,Credit Card,No
CUST1990,60,Male,West Bengal,Prepaid,1472.61,12,54.69,14,2,Yes,Credit Card,No
CUST1991,20,Male,Tamil Nadu,Prepaid,817.2,1,8.25,15,2,Yes,Net Banking,No
CUST1992,50,Male,Gujarat,Prepaid,260.0,55,95.57,0,6,No,Debit Card,No
CUST1993,23,Male,West Bengal,Postpaid,1170.72,22,25.07,15,6,No,Debit Card,No
CUST1994,27,Female,Tamil Nadu,Postpaid,1050.46,40,86.03,4,5,Yes,Cash,No
CUST1995,22,Male,Karnataka,Prepaid,1182.18,37,17.3,2,2,Yes,Debit Card,No
CUST1996,40,Male,Uttar Pradesh,Postpaid,1432.02,47,85.47,19,6,Yes,Credit Card,No
CUST1997,27,Female,Gujarat,Postpaid,1187.09,1,1.82,14,4,No,UPI,Yes
CUST1998,61,Male,Karnataka,Prepaid,955.87,1,51.42,12,6,Yes,UPI,No
CUST1999,19,Male,Gujarat,Prepaid,1300.23,57,77.06,15,1,Yes,UPI,No
